{"refraction":{"VD":{"unit":"mm","value":0},"R":{"List":{"1":{"Sphere":{"unit":"D","value":8.12},"Cylinder":{"unit":"D","value":0.59},"Axis":{"unit":"deg","value":139}},"2":{"Sphere":{"unit":"D","value":-2.14},"Cylinder":{"unit":"D","value":-5.79},"Axis":{"unit":"deg","value":148}},"3":{"Sphere":{"unit":"D","value":6.55},"Cylinder":{"unit":"D","value":-3.4},"Axis":{"unit":"deg","value":161}}},"Median":{"Sphere":{"unit":"D","value":8.12},"Cylinder":{"unit":"D","value":0.59},"Axis":{"unit":"deg","value":139}},"TargetEye":"Bino"},"L":{"List":{"1":{"Sphere":{"unit":"D","value":1.85},"Cylinder":{"unit":"D","value":9.49},"Axis":{"unit":"deg","value":170}},"2":{"Sphere":{"unit":"D","value":1.56},"Cylinder":{"unit":"D","value":-1.64},"Axis":{"unit":"deg","value":44}},"3":{"Sphere":{"unit":"D","value":-3.28},"Cylinder":{"unit":"D","value":2.83},"Axis":{"unit":"deg","value":18}}},"Median":{"Sphere":{"unit":"D","value":1.85},"Cylinder":{"unit":"D","value":9.49},"Axis":{"unit":"deg","value":170}},"TargetEye":"Bino"}},"PD":{"Distance":{"value":63.2,"unit":"mm"}}}