{"refraction":{"VD":{"unit":"mm","value":0},"R":{"List":{"1":{"Sphere":{"unit":"D","value":-9.5},"Cylinder":{"unit":"D","value":5.13},"Axis":{"unit":"deg","value":48}},"2":{"Sphere":{"unit":"D","value":6.03},"Cylinder":{"unit":"D","value":3.36},"Axis":{"unit":"deg","value":32}},"3":{"Sphere":{"unit":"D","value":3.03},"Cylinder":{"unit":"D","value":-4.01},"Axis":{"unit":"deg","value":151}}},"Median":{"Sphere":{"unit":"D","value":6.03},"Cylinder":{"unit":"D","value":3.36},"Axis":{"unit":"deg","value":32}},"TargetEye":"Bino"},"L":{"List":{"1":{"Sphere":{"unit":"D","value":9.98},"Cylinder":{"unit":"D","value":2.71},"Axis":{"unit":"deg","value":87}},"2":{"Sphere":{"unit":"D","value":1.61},"Cylinder":{"unit":"D","value":-9.55},"Axis":{"unit":"deg","value":180}},"3":{"Sphere":{"unit":"D","value":-1.48},"Cylinder":{"unit":"D","value":-1.1},"Axis":{"unit":"deg","value":177}}},"Median":{"Sphere":{"unit":"D","value":9.98},"Cylinder":{"unit":"D","value":-9.55},"Axis":{"unit":"deg","value":87}},"TargetEye":"Bino"}},"PD":{"Distance":{"value":51.400000000000006,"unit":"mm"}}}