{"refraction":{"VD":{"unit":"mm","value":0},"R":{"List":{"1":{"Sphere":{"unit":"D","value":-8.46},"Cylinder":{"unit":"D","value":-8.8},"Axis":{"unit":"deg","value":92}},"2":{"Sphere":{"unit":"D","value":9.68},"Cylinder":{"unit":"D","value":-4.33},"Axis":{"unit":"deg","value":78}},"3":{"Sphere":{"unit":"D","value":-5.21},"Cylinder":{"unit":"D","value":5.7},"Axis":{"unit":"deg","value":171}}},"Median":{"Sphere":{"unit":"D","value":9.68},"Cylinder":{"unit":"D","value":5.7},"Axis":{"unit":"deg","value":171}},"TargetEye":"R"},"L":{"List":{"1":{"Sphere":{"unit":"D","value":4},"Cylinder":{"unit":"D","value":2.76},"Axis":{"unit":"deg","value":78}},"2":{"Sphere":{"unit":"D","value":-3.73},"Cylinder":{"unit":"D","value":-9.06},"Axis":{"unit":"deg","value":101}},"3":{"Sphere":{"unit":"D","value":-8.36},"Cylinder":{"unit":"D","value":-9.02},"Axis":{"unit":"deg","value":128}}},"Median":{"Sphere":{"unit":"D","value":-8.36},"Cylinder":{"unit":"D","value":-9.06},"Axis":{"unit":"deg","value":78}},"TargetEye":"L"}},"PD":{"Distance":{"value":0,"unit":""}}}