{"refraction":{"VD":{"unit":"mm","value":0},"R":{"List":{"1":{"Sphere":{"unit":"D","value":-3.06},"Cylinder":{"unit":"D","value":-5.38},"Axis":{"unit":"deg","value":115}},"2":{"Sphere":{"unit":"D","value":2.09},"Cylinder":{"unit":"D","value":-1.1},"Axis":{"unit":"deg","value":37}},"3":{"Sphere":{"unit":"D","value":-2.06},"Cylinder":{"unit":"D","value":-1},"Axis":{"unit":"deg","value":42}}},"Median":{"Sphere":{"unit":"D","value":2.09},"Cylinder":{"unit":"D","value":-5.38},"Axis":{"unit":"deg","value":115}},"TargetEye":"Bino"},"L":{"List":{"1":{"Sphere":{"unit":"D","value":2.38},"Cylinder":{"unit":"D","value":5.51},"Axis":{"unit":"deg","value":116}},"2":{"Sphere":{"unit":"D","value":0.86},"Cylinder":{"unit":"D","value":-4.21},"Axis":{"unit":"deg","value":20}},"3":{"Sphere":{"unit":"D","value":7.16},"Cylinder":{"unit":"D","value":-7.39},"Axis":{"unit":"deg","value":143}}},"Median":{"Sphere":{"unit":"D","value":2.38},"Cylinder":{"unit":"D","value":5.51},"Axis":{"unit":"deg","value":143}},"TargetEye":"Bino"}},"PD":{"Distance":{"value":53.8,"unit":"mm"}}}