{"refraction":{"VD":{"unit":"mm","value":0},"R":{"List":{"1":{"Sphere":{"unit":"D","value":-6.42},"Cylinder":{"unit":"D","value":-3.06},"Axis":{"unit":"deg","value":162}},"2":{"Sphere":{"unit":"D","value":-4.33},"Cylinder":{"unit":"D","value":-5.53},"Axis":{"unit":"deg","value":64}},"3":{"Sphere":{"unit":"D","value":4.76},"Cylinder":{"unit":"D","value":-6.81},"Axis":{"unit":"deg","value":53}}},"Median":{"Sphere":{"unit":"D","value":4.76},"Cylinder":{"unit":"D","value":-6.81},"Axis":{"unit":"deg","value":53}},"TargetEye":"Bino"},"L":{"List":{"1":{"Sphere":{"unit":"D","value":4.75},"Cylinder":{"unit":"D","value":8.54},"Axis":{"unit":"deg","value":89}},"2":{"Sphere":{"unit":"D","value":0.11},"Cylinder":{"unit":"D","value":-5.44},"Axis":{"unit":"deg","value":83}},"3":{"Sphere":{"unit":"D","value":3.17},"Cylinder":{"unit":"D","value":-0.6},"Axis":{"unit":"deg","value":37}}},"Median":{"Sphere":{"unit":"D","value":4.75},"Cylinder":{"unit":"D","value":8.54},"Axis":{"unit":"deg","value":83}},"TargetEye":"Bino"}},"PD":{"Distance":{"value":46.5,"unit":"mm"}}}