{"refraction":{"VD":{"unit":"mm","value":0},"R":{"List":{"1":{"Sphere":{"unit":"D","value":6.17},"Cylinder":{"unit":"D","value":-9.49},"Axis":{"unit":"deg","value":174}},"2":{"Sphere":{"unit":"D","value":-1.62},"Cylinder":{"unit":"D","value":3.91},"Axis":{"unit":"deg","value":99}},"3":{"Sphere":{"unit":"D","value":3.22},"Cylinder":{"unit":"D","value":0.4},"Axis":{"unit":"deg","value":179}}},"Median":{"Sphere":{"unit":"D","value":6.17},"Cylinder":{"unit":"D","value":0.4},"Axis":{"unit":"deg","value":99}},"TargetEye":"Bino"},"L":{"List":{"1":{"Sphere":{"unit":"D","value":1.09},"Cylinder":{"unit":"D","value":8.19},"Axis":{"unit":"deg","value":131}},"2":{"Sphere":{"unit":"D","value":1.73},"Cylinder":{"unit":"D","value":-5.98},"Axis":{"unit":"deg","value":2}},"3":{"Sphere":{"unit":"D","value":-0.94},"Cylinder":{"unit":"D","value":-6.56},"Axis":{"unit":"deg","value":65}}},"Median":{"Sphere":{"unit":"D","value":1.73},"Cylinder":{"unit":"D","value":8.19},"Axis":{"unit":"deg","value":131}},"TargetEye":"Bino"}},"PD":{"Distance":{"value":35.3,"unit":"mm"}}}