{"refraction":{"VD":{"unit":"mm","value":0},"R":{"List":{"1":{"Sphere":{"unit":"D","value":4.73},"Cylinder":{"unit":"D","value":7.17},"Axis":{"unit":"deg","value":100}},"2":{"Sphere":{"unit":"D","value":-4.51},"Cylinder":{"unit":"D","value":4.87},"Axis":{"unit":"deg","value":68}},"3":{"Sphere":{"unit":"D","value":-2.55},"Cylinder":{"unit":"D","value":4.47},"Axis":{"unit":"deg","value":145}}},"Median":{"Sphere":{"unit":"D","value":4.73},"Cylinder":{"unit":"D","value":7.17},"Axis":{"unit":"deg","value":145}},"TargetEye":"Bino"},"L":{"List":{"1":{"Sphere":{"unit":"D","value":-6.49},"Cylinder":{"unit":"D","value":0},"Axis":{"unit":"deg","value":54}},"2":{"Sphere":{"unit":"D","value":-3.35},"Cylinder":{"unit":"D","value":1.21},"Axis":{"unit":"deg","value":63}},"3":{"Sphere":{"unit":"D","value":-2.31},"Cylinder":{"unit":"D","value":1.46},"Axis":{"unit":"deg","value":7}}},"Median":{"Sphere":{"unit":"D","value":-2.31},"Cylinder":{"unit":"D","value":1.21},"Axis":{"unit":"deg","value":54}},"TargetEye":"Bino"}},"PD":{"Distance":{"value":69.5,"unit":"mm"}}}