{"refraction":{"VD":{"unit":"mm","value":0},"R":{"List":{"1":{"Sphere":{"unit":"D","value":-4.81},"Cylinder":{"unit":"D","value":-3.93},"Axis":{"unit":"deg","value":23}},"2":{"Sphere":{"unit":"D","value":0.55},"Cylinder":{"unit":"D","value":7.62},"Axis":{"unit":"deg","value":24}},"3":{"Sphere":{"unit":"D","value":6.98},"Cylinder":{"unit":"D","value":-1.37},"Axis":{"unit":"deg","value":72}}},"Median":{"Sphere":{"unit":"D","value":6.98},"Cylinder":{"unit":"D","value":-1.37},"Axis":{"unit":"deg","value":23}},"TargetEye":"Bino"},"L":{"List":{"1":{"Sphere":{"unit":"D","value":6.81},"Cylinder":{"unit":"D","value":-9.36},"Axis":{"unit":"deg","value":174}},"2":{"Sphere":{"unit":"D","value":1.02},"Cylinder":{"unit":"D","value":-4.28},"Axis":{"unit":"deg","value":74}},"3":{"Sphere":{"unit":"D","value":5.55},"Cylinder":{"unit":"D","value":-4.43},"Axis":{"unit":"deg","value":130}}},"Median":{"Sphere":{"unit":"D","value":5.55},"Cylinder":{"unit":"D","value":-4.28},"Axis":{"unit":"deg","value":74}},"TargetEye":"Bino"}},"PD":{"Distance":{"value":63.5,"unit":"mm"}}}