{"subjective":{"RefractionTest":{"List":{"1":{"Full Correction":{"ExamDistance":{"List":{"1":{"Distance":{"unit":"mm","value":5000},"RefractionData":{"R":{"Sphere":{"unit":"D","value":7},"Cylinder":{"unit":"D","value":-1.25},"Axis":{"unit":"deg","value":23}},"L":{"Sphere":{"unit":"D","value":5.5},"Cylinder":{"unit":"D","value":-4.25},"Axis":{"unit":"deg","value":74}},"VD":{"unit":"mm","value":0},"PD":{"B":{"unit":"mm","value":63.5}}},"VA":{"R":{"unit":"","value":""},"L":{"unit":"","value":""},"B":{"unit":"","value":""}}},"2":{"Distance":{"unit":"mm","value":400},"RefractionData":{"R":{"Sphere":{"unit":"D","value":7},"Cylinder":{"unit":"D","value":-1.25},"Axis":{"unit":"deg","value":23}},"L":{"Sphere":{"unit":"D","value":5.5},"Cylinder":{"unit":"D","value":-4.25},"Axis":{"unit":"deg","value":74}},"VD":{"unit":"mm","value":0},"PD":{"B":{"unit":"mm","value":63.5}}},"VA":{"R":{"unit":"","value":""},"L":{"unit":"","value":""},"B":{"unit":"","value":""}}}}}}}}}}}