{"refraction":{"VD":{"unit":"mm","value":13.75},"R":{"List":{"1":{"Sphere":{"unit":"D","value":0.89},"Cylinder":{"unit":"D","value":-5.18},"Axis":{"unit":"deg","value":24}},"2":{"Sphere":{"unit":"D","value":2.86},"Cylinder":{"unit":"D","value":-5.86},"Axis":{"unit":"deg","value":171}},"3":{"Sphere":{"unit":"D","value":-7.25},"Cylinder":{"unit":"D","value":5.71},"Axis":{"unit":"deg","value":12}}},"Median":{"Sphere":{"unit":"D","value":2.86},"Cylinder":{"unit":"D","value":-5.86},"Axis":{"unit":"deg","value":171}},"TargetEye":"Bino"},"L":{"List":{"1":{"Sphere":{"unit":"D","value":-6.82},"Cylinder":{"unit":"D","value":-1.06},"Axis":{"unit":"deg","value":89}},"2":{"Sphere":{"unit":"D","value":-7.42},"Cylinder":{"unit":"D","value":-8.38},"Axis":{"unit":"deg","value":27}},"3":{"Sphere":{"unit":"D","value":-9.49},"Cylinder":{"unit":"D","value":7.83},"Axis":{"unit":"deg","value":30}}},"Median":{"Sphere":{"unit":"D","value":-6.82},"Cylinder":{"unit":"D","value":-1.06},"Axis":{"unit":"deg","value":27}},"TargetEye":"Bino"}},"PD":{"Distance":{"value":35.599999999999994,"unit":"mm"}}}