{"refraction":{"VD":{"unit":"mm","value":0},"R":{"List":{"1":{"Sphere":{"unit":"D","value":-8.25},"Cylinder":{"unit":"D","value":-9.75},"Axis":{"unit":"deg","value":129}},"2":{"Sphere":{"unit":"D","value":-5.75},"Cylinder":{"unit":"D","value":0.18},"Axis":{"unit":"deg","value":140}},"3":{"Sphere":{"unit":"D","value":-2.09},"Cylinder":{"unit":"D","value":-2.6},"Axis":{"unit":"deg","value":21}}},"Median":{"Sphere":{"unit":"D","value":-2.09},"Cylinder":{"unit":"D","value":0.18},"Axis":{"unit":"deg","value":129}},"TargetEye":"Bino"},"L":{"List":{"1":{"Sphere":{"unit":"D","value":-6.18},"Cylinder":{"unit":"D","value":-8.97},"Axis":{"unit":"deg","value":148}},"2":{"Sphere":{"unit":"D","value":-8.24},"Cylinder":{"unit":"D","value":5.6},"Axis":{"unit":"deg","value":137}},"3":{"Sphere":{"unit":"D","value":-1.83},"Cylinder":{"unit":"D","value":-3.23},"Axis":{"unit":"deg","value":148}}},"Median":{"Sphere":{"unit":"D","value":-6.18},"Cylinder":{"unit":"D","value":-8.97},"Axis":{"unit":"deg","value":148}},"TargetEye":"Bino"}},"PD":{"Distance":{"value":90.9,"unit":"mm"}}}