{"refraction":{"VD":{"unit":"mm","value":13.75},"R":{"List":{"1":{"Sphere":{"unit":"D","value":-7.98},"Cylinder":{"unit":"D","value":-5.56},"Axis":{"unit":"deg","value":83}},"2":{"Sphere":{"unit":"D","value":2.28},"Cylinder":{"unit":"D","value":4.13},"Axis":{"unit":"deg","value":61}},"3":{"Sphere":{"unit":"D","value":7.88},"Cylinder":{"unit":"D","value":3.15},"Axis":{"unit":"deg","value":176}}},"Median":{"Sphere":{"unit":"D","value":7.88},"Cylinder":{"unit":"D","value":3.15},"Axis":{"unit":"deg","value":83}},"TargetEye":"Bino"},"L":{"List":{"1":{"Sphere":{"unit":"D","value":7.66},"Cylinder":{"unit":"D","value":9.36},"Axis":{"unit":"deg","value":102}},"2":{"Sphere":{"unit":"D","value":7.69},"Cylinder":{"unit":"D","value":-6.76},"Axis":{"unit":"deg","value":172}},"3":{"Sphere":{"unit":"D","value":8.14},"Cylinder":{"unit":"D","value":2.14},"Axis":{"unit":"deg","value":42}}},"Median":{"Sphere":{"unit":"D","value":7.66},"Cylinder":{"unit":"D","value":2.14},"Axis":{"unit":"deg","value":102}},"TargetEye":"Bino"}},"PD":{"Distance":{"value":35.7,"unit":"mm"}}}