{"refraction":{"VD":{"unit":"mm","value":0},"R":{"List":{"1":{"Sphere":{"unit":"D","value":-1.21},"Cylinder":{"unit":"D","value":-9.42},"Axis":{"unit":"deg","value":49}},"2":{"Sphere":{"unit":"D","value":2.55},"Cylinder":{"unit":"D","value":7.84},"Axis":{"unit":"deg","value":156}},"3":{"Sphere":{"unit":"D","value":6.38},"Cylinder":{"unit":"D","value":-1.19},"Axis":{"unit":"deg","value":2}}},"Median":{"Sphere":{"unit":"D","value":2.55},"Cylinder":{"unit":"D","value":-1.19},"Axis":{"unit":"deg","value":49}},"TargetEye":"Bino"},"L":{"List":{"1":{"Sphere":{"unit":"D","value":-5.48},"Cylinder":{"unit":"D","value":-1.79},"Axis":{"unit":"deg","value":84}},"2":{"Sphere":{"unit":"D","value":8.06},"Cylinder":{"unit":"D","value":0.93},"Axis":{"unit":"deg","value":140}},"3":{"Sphere":{"unit":"D","value":5.72},"Cylinder":{"unit":"D","value":1.98},"Axis":{"unit":"deg","value":29}}},"Median":{"Sphere":{"unit":"D","value":8.06},"Cylinder":{"unit":"D","value":1.98},"Axis":{"unit":"deg","value":29}},"TargetEye":"Bino"}},"PD":{"Distance":{"value":78.6,"unit":"mm"}}}