{"refraction":{"VD":{"unit":"mm","value":0},"R":{"List":{"1":{"Sphere":{"unit":"D","value":-5.23},"Cylinder":{"unit":"D","value":-0.87},"Axis":{"unit":"deg","value":18}},"2":{"Sphere":{"unit":"D","value":5.75},"Cylinder":{"unit":"D","value":-9.13},"Axis":{"unit":"deg","value":178}},"3":{"Sphere":{"unit":"D","value":7.67},"Cylinder":{"unit":"D","value":-8.01},"Axis":{"unit":"deg","value":65}}},"Median":{"Sphere":{"unit":"D","value":5.75},"Cylinder":{"unit":"D","value":-0.87},"Axis":{"unit":"deg","value":65}},"TargetEye":"Bino"},"L":{"List":{"1":{"Sphere":{"unit":"D","value":7.47},"Cylinder":{"unit":"D","value":2.83},"Axis":{"unit":"deg","value":85}},"2":{"Sphere":{"unit":"D","value":-2.94},"Cylinder":{"unit":"D","value":8.29},"Axis":{"unit":"deg","value":20}},"3":{"Sphere":{"unit":"D","value":7.9},"Cylinder":{"unit":"D","value":-5.35},"Axis":{"unit":"deg","value":34}}},"Median":{"Sphere":{"unit":"D","value":7.9},"Cylinder":{"unit":"D","value":-5.35},"Axis":{"unit":"deg","value":34}},"TargetEye":"Bino"}},"PD":{"Distance":{"value":54,"unit":"mm"}}}