{"refraction":{"VD":{"unit":"mm","value":0},"R":{"List":{"1":{"Sphere":{"unit":"D","value":9.26},"Cylinder":{"unit":"D","value":4.35},"Axis":{"unit":"deg","value":27}},"2":{"Sphere":{"unit":"D","value":0.27},"Cylinder":{"unit":"D","value":2.71},"Axis":{"unit":"deg","value":52}},"3":{"Sphere":{"unit":"D","value":5.2},"Cylinder":{"unit":"D","value":2.72},"Axis":{"unit":"deg","value":59}}},"Median":{"Sphere":{"unit":"D","value":5.2},"Cylinder":{"unit":"D","value":4.35},"Axis":{"unit":"deg","value":27}},"TargetEye":"Bino"},"L":{"List":{"1":{"Sphere":{"unit":"D","value":-8.55},"Cylinder":{"unit":"D","value":0.64},"Axis":{"unit":"deg","value":79}},"2":{"Sphere":{"unit":"D","value":4.75},"Cylinder":{"unit":"D","value":9.7},"Axis":{"unit":"deg","value":108}},"3":{"Sphere":{"unit":"D","value":-8.39},"Cylinder":{"unit":"D","value":7.34},"Axis":{"unit":"deg","value":21}}},"Median":{"Sphere":{"unit":"D","value":-8.55},"Cylinder":{"unit":"D","value":0.64},"Axis":{"unit":"deg","value":21}},"TargetEye":"Bino"}},"PD":{"Distance":{"value":31.6,"unit":"mm"}}}