{"subjective":{"RefractionTest":{"List":{"1":{"Full Correction":{"ExamDistance":{"List":{"1":{"Distance":{"unit":"mm","value":5000},"RefractionData":{"R":{"Sphere":{"unit":"D","value":5.75},"Cylinder":{"unit":"D","value":-0.75},"Axis":{"unit":"deg","value":65}},"L":{"Sphere":{"unit":"D","value":8},"Cylinder":{"unit":"D","value":-5.25},"Axis":{"unit":"deg","value":34}},"VD":{"unit":"mm","value":0},"PD":{"B":{"unit":"mm","value":54}}},"VA":{"R":{"unit":"","value":""},"L":{"unit":"","value":""},"B":{"unit":"","value":""}}},"2":{"Distance":{"unit":"mm","value":400},"RefractionData":{"R":{"Sphere":{"unit":"D","value":5.75},"Cylinder":{"unit":"D","value":-0.75},"Axis":{"unit":"deg","value":65}},"L":{"Sphere":{"unit":"D","value":8},"Cylinder":{"unit":"D","value":-5.25},"Axis":{"unit":"deg","value":34}},"VD":{"unit":"mm","value":0},"PD":{"B":{"unit":"mm","value":54}}},"VA":{"R":{"unit":"","value":""},"L":{"unit":"","value":""},"B":{"unit":"","value":""}}}}}}}}}}}