{
  "chartPage1": [
    {
      "layoutID": 1,
      "chartID": 2000,
      "examID": 1000,
      "maskID": 0,
      "dataSetID": 0,
      "testEyeID": 0,
      "testDataID": 1,
      "naviID": 0,
      "fog": 0
    },
    {
      "layoutID": 2,
      "chartID": 2001,
      "examID": 1000,
      "maskID": 0,
      "dataSetID": 0,
      "testEyeID": 0,
      "testDataID": 1,
      "naviID": 0,
      "fog": 0
    },
    {
      "layoutID": 3,
      "chartID": 2002,
      "examID": 1000,
      "maskID": 0,
      "dataSetID": 0,
      "testEyeID": 0,
      "testDataID": 1,
      "naviID": 0,
      "fog": 0
    },
    {
      "layoutID": 4,
      "chartID": 2003,
      "examID": 1000,
      "maskID": 0,
      "dataSetID": 0,
      "testEyeID": 0,
      "testDataID": 1,
      "naviID": 0,
      "fog": 0
    },
    {
      "layoutID": 5,
      "chartID": 2004,
      "examID": 1000,
      "maskID": 0,
      "dataSetID": 0,
      "testEyeID": 0,
      "testDataID": 1,
      "naviID": 0,
      "fog": 0
    },
    {
      "layoutID": 6,
      "chartID": 2005,
      "examID": 1000,
      "maskID": 0,
      "dataSetID": 0,
      "testEyeID": 0,
      "testDataID": 1,
      "naviID": 0,
      "fog": 0
    },
    {
      "layoutID": 7,
      "chartID": 2006,
      "examID": 1000,
      "maskID": 0,
      "dataSetID": 0,
      "testEyeID": 0,
      "testDataID": 1,
      "naviID": 0,
      "fog": 0
    },
    {
      "layoutID": 8,
      "chartID": 2007,
      "examID": 1000,
      "maskID": 0,
      "dataSetID": 0,
      "testEyeID": 0,
      "testDataID": 1,
      "naviID": 0,
      "fog": 0
    },
    {
      "layoutID": 9,
      "chartID": 3000,
      "examID": 1000,
      "maskID": 0,
      "dataSetID": 0,
      "testEyeID": 0,
      "testDataID": 1,
      "naviID": 0,
      "fog": 0
    },
    {
      "layoutID": 10,
      "chartID": 3001,
      "examID": 1000,
      "maskID": 0,
      "dataSetID": 0,
      "testEyeID": 0,
      "testDataID": 1,
      "naviID": 0,
      "fog": 0
    },
    {
      "layoutID": 11,
      "chartID": 3002,
      "examID": 1000,
      "maskID": 0,
      "dataSetID": 0,
      "testEyeID": 0,
      "testDataID": 1,
      "naviID": 0,
      "fog": 0
    },
    {
      "layoutID": 12,
      "chartID": 3003,
      "examID": 1000,
      "maskID": 0,
      "dataSetID": 0,
      "testEyeID": 0,
      "testDataID": 1,
      "naviID": 0,
      "fog": 0
    },
    {
      "layoutID": 13,
      "chartID": 3004,
      "examID": 1000,
      "maskID": 0,
      "dataSetID": 0,
      "testEyeID": 0,
      "testDataID": 1,
      "naviID": 0,
      "fog": 0
    },
    {
      "layoutID": 14,
      "chartID": 3005,
      "examID": 1000,
      "maskID": 0,
      "dataSetID": 0,
      "testEyeID": 0,
      "testDataID": 1,
      "naviID": 0,
      "fog": 0
    },
    {
      "layoutID": 15,
      "chartID": 3006,
      "examID": 1000,
      "maskID": 0,
      "dataSetID": 0,
      "testEyeID": 0,
      "testDataID": 1,
      "naviID": 0,
      "fog": 0
    },
    {
      "layoutID": 16,
      "chartID": 3007,
      "examID": 1000,
      "maskID": 0,
      "dataSetID": 0,
      "testEyeID": 0,
      "testDataID": 1,
      "naviID": 0,
      "fog": 0
    },
    {
      "layoutID": 17,
      "chartID": 3008,
      "examID": 1000,
      "maskID": 0,
      "dataSetID": 0,
      "testEyeID": 0,
      "testDataID": 1,
      "naviID": 0,
      "fog": 0
    },
    {
      "layoutID": 18,
      "chartID": 3009,
      "examID": 1000,
      "maskID": 0,
      "dataSetID": 0,
      "testEyeID": 0,
      "testDataID": 1,
      "naviID": 0,
      "fog": 0
    },
    {
      "layoutID": 19,
      "chartID": 7000,
      "examID": 1010,
      "maskID": 0,
      "dataSetID": 0,
      "testEyeID": 0,
      "testDataID": 1,
      "naviID": 0,
      "fog": 0
    },
    {
      "layoutID": 20,
      "chartID": 7010,
      "examID": 1020,
      "maskID": 0,
      "dataSetID": 0,
      "testEyeID": 0,
      "testDataID": 3,
      "naviID": 0,
      "fog": 0
    },
    {
      "layoutID": 21,
      "chartID": 7020,
      "examID": 1021,
      "maskID": 0,
      "dataSetID": 0,
      "testEyeID": 3,
      "testDataID": 3,
      "naviID": 0,
      "fog": 0
    }
  ],
  "chartPage2": [
    {
      "layoutID": 1,
      "chartID": 2100,
      "examID": 1000,
      "maskID": 0,
      "dataSetID": 0,
      "testEyeID": 0,
      "testDataID": 1,
      "naviID": 0,
      "fog": 0
    },
    {
      "layoutID": 2,
      "chartID": 2101,
      "examID": 1000,
      "maskID": 0,
      "dataSetID": 0,
      "testEyeID": 0,
      "testDataID": 1,
      "naviID": 0,
      "fog": 0
    },
    {
      "layoutID": 3,
      "chartID": 2102,
      "examID": 1000,
      "maskID": 0,
      "dataSetID": 0,
      "testEyeID": 0,
      "testDataID": 1,
      "naviID": 0,
      "fog": 0
    },
    {
      "layoutID": 4,
      "chartID": 2103,
      "examID": 1000,
      "maskID": 0,
      "dataSetID": 0,
      "testEyeID": 0,
      "testDataID": 1,
      "naviID": 0,
      "fog": 0
    },
    {
      "layoutID": 5,
      "chartID": 2104,
      "examID": 1000,
      "maskID": 0,
      "dataSetID": 0,
      "testEyeID": 0,
      "testDataID": 1,
      "naviID": 0,
      "fog": 0
    },
    {
      "layoutID": 6,
      "chartID": 2105,
      "examID": 1000,
      "maskID": 0,
      "dataSetID": 0,
      "testEyeID": 0,
      "testDataID": 1,
      "naviID": 0,
      "fog": 0
    },
    {
      "layoutID": 7,
      "chartID": 2106,
      "examID": 1000,
      "maskID": 0,
      "dataSetID": 0,
      "testEyeID": 0,
      "testDataID": 1,
      "naviID": 0,
      "fog": 0
    },
    {
      "layoutID": 8,
      "chartID": 2107,
      "examID": 1000,
      "maskID": 0,
      "dataSetID": 0,
      "testEyeID": 0,
      "testDataID": 1,
      "naviID": 0,
      "fog": 0
    },
    {
      "layoutID": 9,
      "chartID": 3100,
      "examID": 1000,
      "maskID": 0,
      "dataSetID": 0,
      "testEyeID": 0,
      "testDataID": 1,
      "naviID": 0,
      "fog": 0
    },
    {
      "layoutID": 10,
      "chartID": 3101,
      "examID": 1000,
      "maskID": 0,
      "dataSetID": 0,
      "testEyeID": 0,
      "testDataID": 1,
      "naviID": 0,
      "fog": 0
    },
    {
      "layoutID": 11,
      "chartID": 3102,
      "examID": 1000,
      "maskID": 0,
      "dataSetID": 0,
      "testEyeID": 0,
      "testDataID": 1,
      "naviID": 0,
      "fog": 0
    },
    {
      "layoutID": 12,
      "chartID": 3103,
      "examID": 1000,
      "maskID": 0,
      "dataSetID": 0,
      "testEyeID": 0,
      "testDataID": 1,
      "naviID": 0,
      "fog": 0
    },
    {
      "layoutID": 13,
      "chartID": 3104,
      "examID": 1000,
      "maskID": 0,
      "dataSetID": 0,
      "testEyeID": 0,
      "testDataID": 1,
      "naviID": 0,
      "fog": 0
    },
    {
      "layoutID": 14,
      "chartID": 3105,
      "examID": 1000,
      "maskID": 0,
      "dataSetID": 0,
      "testEyeID": 0,
      "testDataID": 1,
      "naviID": 0,
      "fog": 0
    },
    {
      "layoutID": 15,
      "chartID": 3106,
      "examID": 1000,
      "maskID": 0,
      "dataSetID": 0,
      "testEyeID": 0,
      "testDataID": 1,
      "naviID": 0,
      "fog": 0
    },
    {
      "layoutID": 16,
      "chartID": 3107,
      "examID": 1000,
      "maskID": 0,
      "dataSetID": 0,
      "testEyeID": 0,
      "testDataID": 1,
      "naviID": 0,
      "fog": 0
    },
    {
      "layoutID": 17,
      "chartID": 3108,
      "examID": 1000,
      "maskID": 0,
      "dataSetID": 0,
      "testEyeID": 0,
      "testDataID": 1,
      "naviID": 0,
      "fog": 0
    },
    {
      "layoutID": 18,
      "chartID": 3109,
      "examID": 1000,
      "maskID": 0,
      "dataSetID": 0,
      "testEyeID": 0,
      "testDataID": 1,
      "naviID": 0,
      "fog": 0
    },
    {
      "layoutID": 19,
      "chartID": 7000,
      "examID": 1010,
      "maskID": 0,
      "dataSetID": 0,
      "testEyeID": 0,
      "testDataID": 1,
      "naviID": 0,
      "fog": 0
    },
    {
      "layoutID": 20,
      "chartID": 7010,
      "examID": 1020,
      "maskID": 0,
      "dataSetID": 0,
      "testEyeID": 0,
      "testDataID": 3,
      "naviID": 0,
      "fog": 0
    },
    {
      "layoutID": 21,
      "chartID": 7020,
      "examID": 1021,
      "maskID": 0,
      "dataSetID": 0,
      "testEyeID": 3,
      "testDataID": 3,
      "naviID": 0,
      "fog": 0
    },
    {
      "layoutID": 22,
      "chartID": 2222,
      "examID": 1021,
      "maskID": 0,
      "dataSetID": 0,
      "testEyeID": 3,
      "testDataID": 3,
      "naviID": 0,
      "fog": 0
    },
    {
      "layoutID": 23,
      "chartID": 1111,
      "examID": 1021,
      "maskID": 0,
      "dataSetID": 0,
      "testEyeID": 3,
      "testDataID": 3,
      "naviID": 0,
      "fog": 0
    }
  ],
  "chartPage3": [
    {
      "layoutID": 1,
      "chartID": 2200,
      "examID": 1000,
      "maskID": 0,
      "dataSetID": 0,
      "testEyeID": 0,
      "testDataID": 1,
      "naviID": 0,
      "fog": 0
    },
    {
      "layoutID": 2,
      "chartID": 2201,
      "examID": 1000,
      "maskID": 0,
      "dataSetID": 0,
      "testEyeID": 0,
      "testDataID": 1,
      "naviID": 0,
      "fog": 0
    },
    {
      "layoutID": 3,
      "chartID": 2202,
      "examID": 1000,
      "maskID": 0,
      "dataSetID": 0,
      "testEyeID": 0,
      "testDataID": 1,
      "naviID": 0,
      "fog": 0
    },
    {
      "layoutID": 4,
      "chartID": 2203,
      "examID": 1000,
      "maskID": 0,
      "dataSetID": 0,
      "testEyeID": 0,
      "testDataID": 1,
      "naviID": 0,
      "fog": 0
    },
    {
      "layoutID": 5,
      "chartID": 2204,
      "examID": 1000,
      "maskID": 0,
      "dataSetID": 0,
      "testEyeID": 0,
      "testDataID": 1,
      "naviID": 0,
      "fog": 0
    },
    {
      "layoutID": 6,
      "chartID": 2205,
      "examID": 1000,
      "maskID": 0,
      "dataSetID": 0,
      "testEyeID": 0,
      "testDataID": 1,
      "naviID": 0,
      "fog": 0
    },
    {
      "layoutID": 7,
      "chartID": 2206,
      "examID": 1000,
      "maskID": 0,
      "dataSetID": 0,
      "testEyeID": 0,
      "testDataID": 1,
      "naviID": 0,
      "fog": 0
    },
    {
      "layoutID": 8,
      "chartID": 2207,
      "examID": 1000,
      "maskID": 0,
      "dataSetID": 0,
      "testEyeID": 0,
      "testDataID": 1,
      "naviID": 0,
      "fog": 0
    },
    {
      "layoutID": 9,
      "chartID": 3200,
      "examID": 1000,
      "maskID": 0,
      "dataSetID": 0,
      "testEyeID": 0,
      "testDataID": 1,
      "naviID": 0,
      "fog": 0
    },
    {
      "layoutID": 10,
      "chartID": 3201,
      "examID": 1000,
      "maskID": 0,
      "dataSetID": 0,
      "testEyeID": 0,
      "testDataID": 1,
      "naviID": 0,
      "fog": 0
    },
    {
      "layoutID": 11,
      "chartID": 3202,
      "examID": 1000,
      "maskID": 0,
      "dataSetID": 0,
      "testEyeID": 0,
      "testDataID": 1,
      "naviID": 0,
      "fog": 0
    },
    {
      "layoutID": 12,
      "chartID": 3203,
      "examID": 1000,
      "maskID": 0,
      "dataSetID": 0,
      "testEyeID": 0,
      "testDataID": 1,
      "naviID": 0,
      "fog": 0
    },
    {
      "layoutID": 13,
      "chartID": 3204,
      "examID": 1000,
      "maskID": 0,
      "dataSetID": 0,
      "testEyeID": 0,
      "testDataID": 1,
      "naviID": 0,
      "fog": 0
    },
    {
      "layoutID": 14,
      "chartID": 3205,
      "examID": 1000,
      "maskID": 0,
      "dataSetID": 0,
      "testEyeID": 0,
      "testDataID": 1,
      "naviID": 0,
      "fog": 0
    },
    {
      "layoutID": 15,
      "chartID": 3206,
      "examID": 1000,
      "maskID": 0,
      "dataSetID": 0,
      "testEyeID": 0,
      "testDataID": 1,
      "naviID": 0,
      "fog": 0
    },
    {
      "layoutID": 16,
      "chartID": 3207,
      "examID": 1000,
      "maskID": 0,
      "dataSetID": 0,
      "testEyeID": 0,
      "testDataID": 1,
      "naviID": 0,
      "fog": 0
    },
    {
      "layoutID": 17,
      "chartID": 3208,
      "examID": 1000,
      "maskID": 0,
      "dataSetID": 0,
      "testEyeID": 0,
      "testDataID": 1,
      "naviID": 0,
      "fog": 0
    },
    {
      "layoutID": 18,
      "chartID": 3209,
      "examID": 1000,
      "maskID": 0,
      "dataSetID": 0,
      "testEyeID": 0,
      "testDataID": 1,
      "naviID": 0,
      "fog": 0
    },
    {
      "layoutID": 19,
      "chartID": 7000,
      "examID": 1010,
      "maskID": 0,
      "dataSetID": 0,
      "testEyeID": 0,
      "testDataID": 1,
      "naviID": 0,
      "fog": 0
    },
    {
      "layoutID": 20,
      "chartID": 7010,
      "examID": 1020,
      "maskID": 0,
      "dataSetID": 0,
      "testEyeID": 0,
      "testDataID": 3,
      "naviID": 0,
      "fog": 0
    },
    {
      "layoutID": 21,
      "chartID": 7020,
      "examID": 1021,
      "maskID": 0,
      "dataSetID": 0,
      "testEyeID": 3,
      "testDataID": 3,
      "naviID": 0,
      "fog": 0
    }
  ],
  "chartPage4": [
    {
      "layoutID": 1,
      "chartID": 7030,
      "examID": 1092,
      "maskID": 0,
      "dataSetID": 0,
      "testEyeID": 4,
      "testDataID": 1,
      "naviID": 0,
      "fog": 0
    },
    {
      "layoutID": 2,
      "chartID": 7040,
      "examID": 2030,
      "maskID": 0,
      "dataSetID": 0,
      "testEyeID": 0,
      "testDataID": 1,
      "naviID": 0,
      "fog": 0
    },
 
	  {
      "layoutID": 3,
      "chartID": 301061,
      "examID": 1061,
      "maskID": 0,
      "dataSetID": 0,
      "testEyeID": 0,
      "testDataID": 1,
      "naviID": 0,
      "fog": 0
    },
    {
      "layoutID": 4,
      "chartID": 331062,
      "examID": 1062,
      "maskID": 0,
      "dataSetID": 0,
      "testEyeID": 0,
      "testDataID": 1,
      "naviID": 0,
      "fog": 0
    },
	 {
      "layoutID": 5,
      "chartID": 361090,
      "examID": 1090,
      "maskID": 0,
      "dataSetID": 0,
      "testEyeID": 0,
      "testDataID": 1,
      "naviID": 0,
      "fog": 0
    },
    {
      "layoutID": 6,
      "chartID": 361091,
      "examID": 1091,
      "maskID": 0,
      "dataSetID": 0,
      "testEyeID": 0,
      "testDataID": 1,
      "naviID": 0,
      "fog": 0
    },
    {
      "layoutID": 7,
      "chartID": 341070,
      "examID": 1070,
      "maskID": 0,
      "dataSetID": 0,
      "testEyeID": 0,
      "testDataID": 1,
      "naviID": 0,
      "fog": 0
    },
    {
      "layoutID": 8,
      "chartID": 351071,
      "examID": 1071,
      "maskID": 0,
      "dataSetID": 0,
      "testEyeID": 0,
      "testDataID": 1,
      "naviID": 0,
      "fog": 0
    },
	    {
      "layoutID": 9,
      "chartID": 120,
      "examID": 2120,
      "maskID": 0,
      "dataSetID": 0,
      "testEyeID": 0,
      "testDataID": 1,
      "naviID": 0,
      "fog": 0
    },
    {
      "layoutID": 10,
      "chartID": 121,
      "examID": 2121,
      "maskID": 0,
      "dataSetID": 0,
      "testEyeID": 0,
      "testDataID": 1,
      "naviID": 0,
      "fog": 0
    },
	    {
      "layoutID": 11,
      "chartID": 242090,
      "examID": 2090,
      "maskID": 0,
      "dataSetID": 0,
      "testEyeID": 0,
      "testDataID": 1,
      "naviID": 0,
      "fog": 0
    },
    {
      "layoutID": 12,
      "chartID": 242091,
      "examID": 2091,
      "maskID": 0,
      "dataSetID": 0,
      "testEyeID": 0,
      "testDataID": 1,
      "naviID": 0,
      "fog": 0
    }
   
   


  ],
  "chartPage5": [
    {
      "layoutID": 1,
      "chartID": 3150,
      "examID": 1000,
      "maskID": 0,
      "dataSetID": 0,
      "testEyeID": 0,
      "testDataID": 1,
      "naviID": 0,
      "fog": 0
    },
    {
      "layoutID": 2,
      "chartID": 3151,
      "examID": 1000,
      "maskID": 0,
      "dataSetID": 0,
      "testEyeID": 0,
      "testDataID": 1,
      "naviID": 0,
      "fog": 0
    },
    {
      "layoutID": 3,
      "chartID": 3152,
      "examID": 1000,
      "maskID": 0,
      "dataSetID": 0,
      "testEyeID": 0,
      "testDataID": 1,
      "naviID": 0,
      "fog": 0
    },
    {
      "layoutID": 4,
      "chartID": 3153,
      "examID": 1000,
      "maskID": 0,
      "dataSetID": 0,
      "testEyeID": 0,
      "testDataID": 1,
      "naviID": 0,
      "fog": 0
    },
    {
      "layoutID": 5,
      "chartID": 3154,
      "examID": 1000,
      "maskID": 0,
      "dataSetID": 0,
      "testEyeID": 0,
      "testDataID": 1,
      "naviID": 0,
      "fog": 0
    },
    {
      "layoutID": 6,
      "chartID": 3155,
      "examID": 1000,
      "maskID": 0,
      "dataSetID": 0,
      "testEyeID": 0,
      "testDataID": 1,
      "naviID": 0,
      "fog": 0
    },
    {
      "layoutID": 7,
      "chartID": 3156,
      "examID": 1000,
      "maskID": 0,
      "dataSetID": 0,
      "testEyeID": 0,
      "testDataID": 1,
      "naviID": 0,
      "fog": 0
    },
    {
      "layoutID": 8,
      "chartID": 3157,
      "examID": 1000,
      "maskID": 0,
      "dataSetID": 0,
      "testEyeID": 0,
      "testDataID": 1,
      "naviID": 0,
      "fog": 0
    },
    {
      "layoutID": 23,
      "chartID": 61,
      "examID": 2061,
      "maskID": 0,
      "dataSetID": 0,
      "testEyeID": 0,
      "testDataID": 1,
      "naviID": 0,
      "fog": 0
    },
    {
      "layoutID": 24,
      "chartID": 62,
      "examID": 2062,
      "maskID": 0,
      "dataSetID": 0,
      "testEyeID": 0,
      "testDataID": 1,
      "naviID": 0,
      "fog": 0
    },
    {
      "layoutID": 25,
      "chartID": 63,
      "examID": 2063,
      "maskID": 0,
      "dataSetID": 0,
      "testEyeID": 0,
      "testDataID": 1,
      "naviID": 0,
      "fog": 0
    },
    {
      "layoutID": 26,
      "chartID": 64,
      "examID": 2064,
      "maskID": 0,
      "dataSetID": 0,
      "testEyeID": 0,
      "testDataID": 1,
      "naviID": 0,
      "fog": 0
    },
    {
      "layoutID": 27,
      "chartID": 65,
      "examID": 2065,
      "maskID": 0,
      "dataSetID": 0,
      "testEyeID": 0,
      "testDataID": 1,
      "naviID": 0,
      "fog": 0
    },
    {
      "layoutID": 28,
      "chartID": 70,
      "examID": 2070,
      "maskID": 0,
      "dataSetID": 0,
      "testEyeID": 0,
      "testDataID": 1,
      "naviID": 0,
      "fog": 0
    },
    {
      "layoutID": 29,
      "chartID": 71,
      "examID": 2071,
      "maskID": 0,
      "dataSetID": 0,
      "testEyeID": 0,
      "testDataID": 1,
      "naviID": 0,
      "fog": 0
    },
    {
      "layoutID": 30,
      "chartID": 72,
      "examID": 2072,
      "maskID": 0,
      "dataSetID": 0,
      "testEyeID": 0,
      "testDataID": 1,
      "naviID": 0,
      "fog": 0
    },
    {
      "layoutID": 31,
      "chartID": 73,
      "examID": 2073,
      "maskID": 0,
      "dataSetID": 0,
      "testEyeID": 0,
      "testDataID": 1,
      "naviID": 0,
      "fog": 0
    },
    {
      "layoutID": 32,
      "chartID": 74,
      "examID": 2074,
      "maskID": 0,
      "dataSetID": 0,
      "testEyeID": 0,
      "testDataID": 1,
      "naviID": 0,
      "fog": 0
    },
    {
      "layoutID": 33,
      "chartID": 76,
      "examID": 2076,
      "maskID": 0,
      "dataSetID": 0,
      "testEyeID": 0,
      "testDataID": 1,
      "naviID": 0,
      "fog": 0
    },
    {
      "layoutID": 34,
      "chartID": 77,
      "examID": 2077,
      "maskID": 0,
      "dataSetID": 0,
      "testEyeID": 0,
      "testDataID": 1,
      "naviID": 0,
      "fog": 0
    },
    {
      "layoutID": 36,
      "chartID": 80,
      "examID": 2072,
      "maskID": 0,
      "dataSetID": 0,
      "testEyeID": 0,
      "testDataID": 1,
      "naviID": 0,
      "fog": 0
    },
    {
      "layoutID": 37,
      "chartID": 81,
      "examID": 2070,
      "maskID": 0,
      "dataSetID": 0,
      "testEyeID": 0,
      "testDataID": 1,
      "naviID": 0,
      "fog": 0
    },
    {
      "layoutID": 35,
      "chartID": 78,
      "examID": 2078,
      "maskID": 0,
      "dataSetID": 0,
      "testEyeID": 0,
      "testDataID": 1,
      "naviID": 0,
      "fog": 0
    },
	 {
      "layoutID": 11,
      "chartID": 351042,
      "examID": 1042,
      "maskID": 0,
      "dataSetID": 0,
      "testEyeID": 0,
      "testDataID": 1,
      "naviID": 0,
      "fog": 0
    },
    {
      "layoutID": 12,
      "chartID": 291043,
      "examID": 1043,
      "maskID": 0,
      "dataSetID": 0,
      "testEyeID": 0,
      "testDataID": 1,
      "naviID": 0,
      "fog": 0
    },
    {
      "layoutID": 13,
      "chartID": 311044,
      "examID": 1044,
      "maskID": 0,
      "dataSetID": 0,
      "testEyeID": 0,
      "testDataID": 1,
      "naviID": 0,
      "fog": 0
    },
    {
      "layoutID": 14,
      "chartID": 321050,
      "examID": 1050,
      "maskID": 0,
      "dataSetID": 0,
      "testEyeID": 0,
      "testDataID": 1,
      "naviID": 0,
      "fog": 0
    },
    {
      "layoutID": 15,
      "chartID": 341051,
      "examID": 1051,
      "maskID": 0,
      "dataSetID": 0,
      "testEyeID": 0,
      "testDataID": 1,
      "naviID": 0,
      "fog": 0
    },
    {
      "layoutID": 16,
      "chartID": 351052,
      "examID": 1052,
      "maskID": 0,
      "dataSetID": 0,
      "testEyeID": 0,
      "testDataID": 1,
      "naviID": 0,
      "fog": 0
    },
    {
      "layoutID": 17,
      "chartID": 291053,
      "examID": 1053,
      "maskID": 0,
      "dataSetID": 0,
      "testEyeID": 0,
      "testDataID": 1,
      "naviID": 0,
      "fog": 0
    },
    {
      "layoutID": 18,
      "chartID": 311054,
      "examID": 1054,
      "maskID": 0,
      "dataSetID": 0,
      "testEyeID": 0,
      "testDataID": 1,
      "naviID": 0,
      "fog": 0
    },
    {
      "layoutID": 9,
      "chartID": 321041,
      "examID": 1041,
      "maskID": 0,
      "dataSetID": 0,
      "testEyeID": 0,
      "testDataID": 1,
      "naviID": 0,
      "fog": 0
    },
	{
      "layoutID": 10,
      "chartID": 341042,
      "examID": 1042,
      "maskID": 0,
      "dataSetID": 0,
      "testEyeID": 0,
      "testDataID": 1,
      "naviID": 0,
      "fog": 0
    },
   
   
    {
      "layoutID": 19,
      "chartID": 51,
      "examID": 2051,
      "maskID": 0,
      "dataSetID": 0,
      "testEyeID": 0,
      "testDataID": 1,
      "naviID": 0,
      "fog": 0
    },
    {
      "layoutID": 20,
      "chartID": 52,
      "examID": 2052,
      "maskID": 0,
      "dataSetID": 0,
      "testEyeID": 0,
      "testDataID": 1,
      "naviID": 0,
      "fog": 0
    },
    {
      "layoutID": 38,
      "chartID": 55,
      "examID": 2052,
      "maskID": 0,
      "dataSetID": 0,
      "testEyeID": 0,
      "testDataID": 1,
      "naviID": 0,
      "fog": 0
    },
    {
      "layoutID": 21,
      "chartID": 53,
      "examID": 2053,
      "maskID": 0,
      "dataSetID": 0,
      "testEyeID": 0,
      "testDataID": 1,
      "naviID": 0,
      "fog": 0
    },
    {
      "layoutID": 22,
      "chartID": 54,
      "examID": 2054,
      "maskID": 0,
      "dataSetID": 0,
      "testEyeID": 0,
      "testDataID": 1,
      "naviID": 0,
      "fog": 0
    }
  ]
}
