{
  "examParameter": [
    {
      "examID": 1000,
      "titleExam": "[F]Spherical Test / Far VA",
      "jptitleExam": "[遠]球面度テスト / 遠用視力測定",
      "Description": "this is spherical test"
    },
    {
      "examID": 1111,
      "titleExam": "Default far chart",
      "jptitleExam": "デフォルトのファーチャート",
      "Description": "this is default chart"
    },
    {
      "examID": 2222,
      "titleExam": "Default near chart",
      "jptitleExam": "デフォルトのニアチャート",
      "Description": "this is default chart"
    },
    {
      "examID": 1010,
      "titleExam": "[F]R/G Test",
      "jptitleExam": "[遠]R/G テスト",
      "Description": "this is R/G Test"
    },
    {
      "examID": 1020,
      "titleExam": "[F]Cylinder Test",
      "jptitleExam": "[遠]乱視テスト",
      "Description": "this is Cylinder test"
    },
    {
      "examID": 1021,
      "titleExam": "[F]Cross Cylinder Test (Jackson)",
      "jptitleExam": "[遠]ジャクソンクロスシリンダー",
      "Description": "this is Cross test"
    },
    {
      "examID": 1041,
      "titleExam": "[F]Maddox[#3]",
      "jptitleExam": "[F]マドックス[＃3]",
      "defaultTitle":"Default Prism Near Chart",
      "Description": "this is Maddox test"
    },
    {
      "examID": 1042,
      "titleExam": "[F]Prism Separation(H) [#3]",
      "jptitleExam": "[F]プリズム分離（H）[＃3]",
      "defaultTitle":"Default Prism Near Chart",
      "Description": "this is Prism Separation(H) test"
    },
    
    {
      "examID": 1043,
      "titleExam": "[F]Polarised Cross[#3]",
      "jptitleExam": "[F]偏光クロス[＃3]",
      "defaultTitle":"Default Prism Near Chart",
      "Description": "this is Polarised Cross test"
    },
    {
      "examID": 1044,
      "titleExam": "[F]Cross Ring[#3]",
      "jptitleExam": "[F]クロスリング[＃3]",
      "defaultTitle":"Default Prism Near Chart",
      "Description": "this is Cross Ring test"
    },
    {
      "examID": 1050,
      "titleExam": "[F]Maddox[#8,12A]",
      "jptitleExam": "[F]マドックス[＃8,12A]",
      "defaultTitle":"Default Prism Near Chart",
      "Description": "this is Maddox test"
    },
    {
      "examID": 1051,
      "titleExam": "[F]Prism Separation(H) [#8]",
      "jptitleExam": "[F]プリズム分離（H）[＃8]",
      "defaultTitle":"Default Prism Near Chart",
      "Description": "this is Maddox test"
    },
    {
      "examID": 1052,
      "titleExam": "[F]Prism Separation(V) [#12A]",
      "jptitleExam": "[F]プリズム分離（V）[＃12A]",
      "defaultTitle":"Default Prism Near Chart",
      "Description": "this is Maddox test"
    },
    {
      "examID": 1053,
      "titleExam": "[F]Polorised Cross[#8,12A]",
      "jptitleExam": "[F]ポロライズド・クロス[＃8,12A]",
      "defaultTitle":"Default Prism Near Chart",
      "Description": "this is Maddox test"
    },
    {
      "examID": 1054,
      "titleExam": "[F]Cross Ring[#8,12A]",
      "jptitleExam": "[F]クロスリング[＃8,12A]",
      "defaultTitle":"Default Prism Near Chart",
      "Description": "this is Maddox test"
    },
    {
      "examID": 1061,
      "titleExam": "[F]Fixation Disparity Test(Cross with Fixation Point)",
      "jptitleExam": "[F]固視ずれテスト（Fisation Pointと交差）",
      "defaultTitle":"Default Prism Near Chart",
      "Description": "this is Maddox test"
    },
    {
      "examID": 1062,
      "titleExam": "[F]Fixation Disparity Test(Polarized Rotation)",
      "jptitleExam": "[F]固視ずれテスト（偏光回転）",
      "defaultTitle":"Default Prism Near Chart",
      "Description": "this is Maddox test"
    },
    {
      "examID": 1090,
      "titleExam": "[F]Horizontal Aniseikonia",
      "jptitleExam": "[F]水平アニセコニア",
      "defaultTitle":"Default Prism Near Chart",
      "Description": "this is Maddox test"
    },
    {
      "examID": 1070,
      "titleExam": "[F]Convergence/Divergence[#9,10,11]",
      "jptitleExam": "[F]収束/発散[＃9,10,11]",
      "defaultTitle":"Default Prism Near Chart",
      "Description": "this is Maddox test"
    },
    {
      "examID": 1071,
      "titleExam": "[F]Up-Down Convergence[#12B]",
      "jptitleExam": "[F]アップダウンコンバージェンス[＃12B]",
      "defaultTitle":"Default Prism Near Chart",
      "Description": "this is Maddox test"
    },
    {
      "examID": 1091,
      "titleExam": "[F]Vertical Aniseikonia",
      "jptitleExam": "[F]垂直アニセコニア",
      "defaultTitle":"Default Prism Near Chart",
      "Description": "this is Maddox test"
    },
    {
      "examID": 1092,
      "titleExam": "[F]Worth 4 Dots",
      "jptitleExam": "[遠]ウォース4点テスト",
      "defaultTitle":"Default Prism Near Chart",
      "Description": "this is Cross test"
    },
    {
      "examID": 2030,
      "titleExam": "[N]Addition Power Test",
      "jptitleExam": "[近]加入度測定",
      "defaultTitle":"Default Prism Far Chart",
      "Description": "this is Cross test"
    },
    {
      "examID": 2051,
      "titleExam": "[N]Maddox [#13A]",
      "jptitleExam": "[N]マドックス[＃13A]",
      "defaultTitle":"Default Prism Far Chart",
      "Description": "this is Cross test"
    },
    {
      "examID": 2052,
      "titleExam": "[N]Prism Separation (H) [#13A]",
      "jptitleExam": "[N]プリズム分離（H）[＃13A]",
      "defaultTitle":"Default Prism Far Chart",
      "Description": "this is Cross test"
    },

    {
      "examID": 2053,
      "titleExam": "[N] Polarized cross [#13A]",
      "jptitleExam": "[N]偏光クロス[＃13A]",
      "defaultTitle":"Default Prism Far Chart",
      "Description": "this is Cross test"
    },
    {
      "examID": 2054,
      "titleExam": "[N]Cross Ring[#13A]",
      "jptitleExam": "[N]クロスリング[＃13A]",
      "defaultTitle":"Default Prism Far Chart",
      "Description": "this is Cross test"
    },
    {
      "examID": 2061,
      "titleExam": "[N]Maddox [#13B,18A]",
      "jptitleExam": "[N]マドックス[＃13B、18A]",
      "defaultTitle":"Default Prism Far Chart",
      "Description": "this is Cross test"
    },
    {
      "examID": 2062,
      "titleExam": "[N]Prism Separation (H) [#13B]",
      "jptitleExam": "[N]プリズム分離（H）[＃13B]",
      "defaultTitle":"Default Prism Far Chart",
      "Description": "this is Cross test"
    },
    {
      "examID": 2063,
      "titleExam": "[N]Prism Separation (V) [#18A]",
      "jptitleExam": "[N]プリズム分離（V）[＃18A]",
      "defaultTitle":"Default Prism Far Chart",
      "Description": "this is Cross test"
    },
    {
      "examID": 2064,
      "titleExam": "[N]Polarised cross [#13B,18A]",
      "jptitleExam": "[N]偏光クロス[＃13B、18A]",
      "defaultTitle":"Default Prism Far Chart",
      "Description": "this is Cross test"
    },
    {
      "examID": 2065,
      "titleExam": "[N]Cross Ring [#13B,18A]",
      "jptitleExam": "[N]クロスリング[＃13B、18A]",
      "defaultTitle":"Default Prism Far Chart",
      "Description": "this is Cross test"
    },
    {
      "examID": 2070,
      "titleExam": "[N]Prism Separation(H)[#15A]",
      "jptitleExam": "[N]プリズム分離（H）[＃15A]",
      "defaultTitle":"Default Prism Far Chart",
      "Description": "this is Cross test"
    },
    
    {
      "examID": 2071,
      "titleExam": "[N]Maddox [#15B]",
      "jptitleExam": "[N]マドックス[＃15B]",
      "defaultTitle":"Default Prism Far Chart",
      "Description": "this is Cross test"
    },
    {
      "examID": 2072,
      "titleExam": "[N]Prism separation (H) [#15B]",
      "jptitleExam": "[N]プリズム分離（H）[＃15B]",
      "defaultTitle":"Default Prism Far Chart",
      "Description": "this is Cross test"
    },
   
    {
      "examID": 2073,
      "titleExam": "[N]Polarised cross [#15B]",
      "jptitleExam": "[N]偏光クロス[＃15B]",
      "defaultTitle":"Default Prism Far Chart",
      "Description": "this is Cross test"
    },
    {
      "examID": 2074,
      "titleExam": "[N]Cross Ring [#15B]",
      "jptitleExam": "[N]クロスリング[＃15B]",
      "defaultTitle":"Default Prism Far Chart",
      "Description": "this is Cross test"
    },
    {
      "examID": 2076,
      "titleExam": "[N]Maddox [#14A]",
      "jptitleExam": "[N]マドックス[＃14A]",
      "defaultTitle":"Default Prism Far Chart",
      "Description": "this is Cross test"
    },
    {
      "examID": 2077,
      "titleExam": "[N]Polarised cross [#14A]",
      "jptitleExam": "[N]偏光クロス[＃14A]",
      "defaultTitle":"Default Prism Far Chart",
      "Description": "this is Cross test"
    },
    {
      "examID": 2078,
      "titleExam": "[N]Cross Ring [#14A]",
      "jptitleExam": "[N]クロスリング[＃14A]",
      "defaultTitle":"Default Prism Far Chart",
      "Description": "this is Cross test"
    },
    {
      "examID": 2090,
      "titleExam": "[N]Convergence Divergence  [#16,17]",
      "jptitleExam": "[N]収束発散[＃、16,17]",
      "defaultTitle":"Default Prism Far Chart",
      "Description": "this is Cross test"
    },
    {
      "examID": 2091,
      "titleExam": "[N]Up-Down approach [#18B]",
      "jptitleExam": "[N]アップダウンアプローチ[＃18B]",
      "defaultTitle":"Default Prism Far Chart",
      "Description": "this is Cross test"
    },
    {
      "examID": 2120,
      "titleExam": "[N]Horizontal Aniseikonia",
      "jptitleExam": "[N]水平アミセコニア",
      "defaultTitle":"Default Prism Far Chart",
      "Description": "this is Cross test"
    },
    {
      "examID": 2121,
      "titleExam": "[N]Vertical Aniseikonia",
      "jptitleExam": "[N]縦型アミセコニア",
      "defaultTitle":"Default Prism Far Chart",
      "Description": "this is Cross test"
    }
  ]
}
	  