{
  "examBinoResultParameter": [
    {
      "examBinoResultID": 1,
      "titleExam": "Stereo(Floating)"
    },
   {
      "examBinoResultID": 2,
      "titleExam": "Stereo(Sinking)"
    },
    {
      "examBinoResultID": 3,
      "titleExam": "Fixation Disparity"
    },
   {
      "examBinoResultID": 4,
      "titleExam": "Worth 4Dots"
    },
   {
      "examBinoResultID": 5,
      "titleExam": "Coincidence(H)"
    },
    {
      "examBinoResultID": 6,
      "titleExam": "Coincidence(V)"
    },
    {
      "examBinoResultID": 7,
      "titleExam": "Sheard's Criteria"
    },
    {
      "examBinoResultID": 8,
      "titleExam": "AC/A"
    },
    {
      "examBinoResultID": 9,
      "titleExam": "#9,10,11"
    },
    {
      "examBinoResultID": 11,
      "titleExam": "Accomodation Power"
    },
    {
      "examBinoResultID": 12,
      "titleExam": "12B_SUPRA"
    },
    {
      "examBinoResultID": 13,
      "titleExam": "12B_INFRA"
    },
    {
      "examBinoResultID": 14,
      "titleExam": "#16"
    },
    {
      "examBinoResultID": 15,
      "titleExam": "#17"
    },
    {
      "examBinoResultID": 16,
      "titleExam": "18B_SUPRA"
    },
    {
      "examBinoResultID": 17,
      "titleExam": "18B_INFRA"
    },
    {
      "examBinoResultID": 18,
      "titleExam": "#9,10"
    }

  ]
}