{
  "maskPattern": [
	{
		"patternID":0,
		 "col":0,
		 "row":0,
		 "type": "va"
	},
	{
		"patternID":1,
		 "col":1,
		 "row":1,
		 "type": "va"
	},
	{	
		"patternID":2,
		 "col":2,
		 "row":1,
		 "type": "va"
	},
	{
		"patternID":3,
		 "col":2,
		 "row":2,
		 "type": "va"
	},
	{
		"patternID":4,
		 "col":2,
		 "row":3,
		 "type": "va"
	},
	{
		"patternID":5,
		 "col":2,
		 "row":4,
		 "type": "va"
	},
	{
		"patternID":6,
		 "col":2,
		 "row":5,
		  "type": "va"
	},
	{
		"patternID":7,
		 "col":3,
		 "row":4,
		  "type": "va"
	},
	{
		"patternID":8,
		 "col":3,
		 "row":5,
		  "type": "va"
	},
	{
		"patternID":9,
		 "col":3,
		 "row":5
	},
  ]
}