{
  "prismParameter": [
    {
      "prismID": 1000,
	  "chartID":4,
	  "PrismDiopterStep-unit":4,
	  "PrismDiopterStep-value":1,
	  "PrismBaseStep-unit":1,
	  "PrismBaseStep-value":8,
	  "PrismMode":3,
	  "AddMode":3,
	  "PrismX-unit":3,
	  "PrismX-base":3,
	  "PrismX-value":3,
	  "PrismY-unit":3,
	  "PrismY-base":3,
	  "PrismY-value":3,
	  "prism-unit":"D",
	  "prism-value":5
	  },
	  {
      "prismID": 1001,
	  "chartID":5,
	  "PrismDiopterStep-unit":4,
	  "PrismDiopterStep-value":1,
	  "PrismBaseStep-unit":1,
	  "PrismBaseStep-value":8,
	  "PrismMode":3,
	  "AddMode":3,
	  "PrismX-unit":3,
	  "PrismX-base":3,
	  "PrismX-value":3,
	  "PrismY-unit":3,
	  "PrismY-base":3,
	  "PrismY-value":3,
	  "prism-unit":"D",
	  "prism-value":5
	  },
	  {
      "prismID": 1008,
	  "chartID":6,
	  "PrismDiopterStep-unit":4,
	  "PrismDiopterStep-value":1,
	  "PrismBaseStep-unit":1,
	  "PrismBaseStep-value":8,
	  "PrismMode":3,
	  "AddMode":3,
	  "PrismX-unit":3,
	  "PrismX-base":3,
	  "PrismX-value":3,
	  "PrismY-unit":3,
	  "PrismY-base":3,
	  "PrismY-value":3,
	  "prism-unit":"D",
	  "prism-value":5
	  },
	   {
      "prismID": 1009,
	  "chartID":7,
	  "PrismDiopterStep-unit":4,
	  "PrismDiopterStep-value":1,
	  "PrismBaseStep-unit":1,
	  "PrismBaseStep-value":8,
	  "PrismMode":3,
	  "AddMode":3,
	  "PrismX-unit":3,
	  "PrismX-base":3,
	  "PrismX-value":3,
	  "PrismY-unit":3,
	  "PrismY-base":3,
	  "PrismY-value":3,
	  "prism-unit":"D",
	  "prism-value":5
	  },
	  {
      "prismID": 1010,
	  "chartID":8,
	  "PrismDiopterStep-unit":4,
	  "PrismDiopterStep-value":1,
	  "PrismBaseStep-unit":1,
	  "PrismBaseStep-value":8,
	  "PrismMode":3,
	  "AddMode":3,
	  "PrismX-unit":3,
	  "PrismX-base":3,
	  "PrismX-value":3,
	  "PrismY-unit":3,
	  "PrismY-base":3,
	  "PrismY-value":3,
	  "prism-unit":"D",
	  "prism-value":5
	  }
}