{"refraction":{"VD":{"unit":"mm","value":13.75},"R":{"List":{"1":{"Sphere":{"unit":"D","value":-6.87},"Cylinder":{"unit":"D","value":9.81},"Axis":{"unit":"deg","value":17}},"2":{"Sphere":{"unit":"D","value":1.01},"Cylinder":{"unit":"D","value":8.33},"Axis":{"unit":"deg","value":169}},"3":{"Sphere":{"unit":"D","value":-4.34},"Cylinder":{"unit":"D","value":0.26},"Axis":{"unit":"deg","value":165}}},"Median":{"Sphere":{"unit":"D","value":-6.87},"Cylinder":{"unit":"D","value":9.81},"Axis":{"unit":"deg","value":17}},"TargetEye":"Bino"},"L":{"List":{"1":{"Sphere":{"unit":"D","value":-6.97},"Cylinder":{"unit":"D","value":-5.96},"Axis":{"unit":"deg","value":111}},"2":{"Sphere":{"unit":"D","value":6.23},"Cylinder":{"unit":"D","value":3.82},"Axis":{"unit":"deg","value":164}},"3":{"Sphere":{"unit":"D","value":-5.85},"Cylinder":{"unit":"D","value":-6.34},"Axis":{"unit":"deg","value":49}}},"Median":{"Sphere":{"unit":"D","value":-6.97},"Cylinder":{"unit":"D","value":3.82},"Axis":{"unit":"deg","value":49}},"TargetEye":"Bino"}},"PD":{"Distance":{"value":49.8,"unit":"mm"}}}