{"subjective":{"RefractionTest":{"List":{"1":{"Full Correction":{"ExamDistance":{"List":{"1":{"Distance":{"unit":"mm","value":5000},"RefractionData":{"R":{"Sphere":{"unit":"D","value":-4.5},"Cylinder":{"unit":"D","value":-3},"Axis":{"unit":"deg","value":96}},"L":{"Sphere":{"unit":"D","value":-4},"Cylinder":{"unit":"D","value":-4},"Axis":{"unit":"deg","value":105}},"VD":{"unit":"mm","value":12},"PD":{"B":{"unit":"mm","value":37.8}}},"VA":{"R":{"unit":"","value":""},"L":{"unit":"","value":""},"B":{"unit":"","value":""}}},"2":{"Distance":{"unit":"mm","value":400},"RefractionData":{"R":{"Sphere":{"unit":"D","value":-4.5},"Cylinder":{"unit":"D","value":-3},"Axis":{"unit":"deg","value":96}},"L":{"Sphere":{"unit":"D","value":-4},"Cylinder":{"unit":"D","value":-4},"Axis":{"unit":"deg","value":105}},"VD":{"unit":"mm","value":12},"PD":{"B":{"unit":"mm","value":37.8}}},"VA":{"R":{"unit":"","value":""},"L":{"unit":"","value":""},"B":{"unit":"","value":""}}}}}}}}}}}