{"refraction":{"VD":{"unit":"mm","value":13.75},"R":{"List":{"1":{"Sphere":{"unit":"D","value":-9.16},"Cylinder":{"unit":"D","value":-1.53},"Axis":{"unit":"deg","value":141}},"2":{"Sphere":{"unit":"D","value":4.38},"Cylinder":{"unit":"D","value":-4.72},"Axis":{"unit":"deg","value":47}},"3":{"Sphere":{"unit":"D","value":6.39},"Cylinder":{"unit":"D","value":-6.57},"Axis":{"unit":"deg","value":127}}},"Median":{"Sphere":{"unit":"D","value":-9.16},"Cylinder":{"unit":"D","value":-1.53},"Axis":{"unit":"deg","value":141}},"TargetEye":"Bino"},"L":{"List":{"1":{"Sphere":{"unit":"D","value":-7},"Cylinder":{"unit":"D","value":3.37},"Axis":{"unit":"deg","value":46}},"2":{"Sphere":{"unit":"D","value":-9.22},"Cylinder":{"unit":"D","value":-9.83},"Axis":{"unit":"deg","value":149}},"3":{"Sphere":{"unit":"D","value":-8.87},"Cylinder":{"unit":"D","value":-4.06},"Axis":{"unit":"deg","value":48}}},"Median":{"Sphere":{"unit":"D","value":-8.87},"Cylinder":{"unit":"D","value":-4.06},"Axis":{"unit":"deg","value":46}},"TargetEye":"Bino"}},"PD":{"Distance":{"value":93.4,"unit":"mm"}}}