{"refraction":{"VD":{"unit":"mm","value":0},"R":{"List":{"1":{"Sphere":{"unit":"D","value":6.89},"Cylinder":{"unit":"D","value":4.28},"Axis":{"unit":"deg","value":174}},"2":{"Sphere":{"unit":"D","value":-4.37},"Cylinder":{"unit":"D","value":-9.45},"Axis":{"unit":"deg","value":73}},"3":{"Sphere":{"unit":"D","value":-3.23},"Cylinder":{"unit":"D","value":-2.48},"Axis":{"unit":"deg","value":174}}},"Median":{"Sphere":{"unit":"D","value":-3.23},"Cylinder":{"unit":"D","value":4.28},"Axis":{"unit":"deg","value":73}},"TargetEye":"Bino"},"L":{"List":{"1":{"Sphere":{"unit":"D","value":-4.11},"Cylinder":{"unit":"D","value":4.17},"Axis":{"unit":"deg","value":19}},"2":{"Sphere":{"unit":"D","value":5.67},"Cylinder":{"unit":"D","value":-6.48},"Axis":{"unit":"deg","value":140}},"3":{"Sphere":{"unit":"D","value":7.44},"Cylinder":{"unit":"D","value":6.9},"Axis":{"unit":"deg","value":159}}},"Median":{"Sphere":{"unit":"D","value":5.67},"Cylinder":{"unit":"D","value":6.9},"Axis":{"unit":"deg","value":140}},"TargetEye":"Bino"}},"PD":{"Distance":{"value":41.7,"unit":"mm"}}}