{"refraction":{"VD":{"unit":"mm","value":0},"R":{"List":{"1":{"Sphere":{"unit":"D","value":7.01},"Cylinder":{"unit":"D","value":-7.72},"Axis":{"unit":"deg","value":39}},"2":{"Sphere":{"unit":"D","value":6.26},"Cylinder":{"unit":"D","value":-4.06},"Axis":{"unit":"deg","value":157}},"3":{"Sphere":{"unit":"D","value":5.6},"Cylinder":{"unit":"D","value":-7.87},"Axis":{"unit":"deg","value":139}}},"Median":{"Sphere":{"unit":"D","value":7.01},"Cylinder":{"unit":"D","value":-7.87},"Axis":{"unit":"deg","value":157}},"TargetEye":"R"},"L":{"List":{"1":[],"2":[],"3":[]},"Median":[]}},"PD":{"Distance":{"value":0,"unit":""}}}