{"refraction":{"VD":{"unit":"mm","value":0},"R":{"List":{"1":{"Sphere":{"unit":"D","value":-0.07},"Cylinder":{"unit":"D","value":1.13},"Axis":{"unit":"deg","value":54}},"2":{"Sphere":{"unit":"D","value":-8.18},"Cylinder":{"unit":"D","value":6.36},"Axis":{"unit":"deg","value":81}},"3":{"Sphere":{"unit":"D","value":-7.93},"Cylinder":{"unit":"D","value":-7.92},"Axis":{"unit":"deg","value":39}}},"Median":{"Sphere":{"unit":"D","value":-8.18},"Cylinder":{"unit":"D","value":-7.92},"Axis":{"unit":"deg","value":54}},"TargetEye":"Bino"},"L":{"List":{"1":{"Sphere":{"unit":"D","value":4.27},"Cylinder":{"unit":"D","value":-3.61},"Axis":{"unit":"deg","value":75}},"2":{"Sphere":{"unit":"D","value":-8.43},"Cylinder":{"unit":"D","value":-5.18},"Axis":{"unit":"deg","value":38}},"3":{"Sphere":{"unit":"D","value":7.66},"Cylinder":{"unit":"D","value":0.4},"Axis":{"unit":"deg","value":149}}},"Median":{"Sphere":{"unit":"D","value":-8.43},"Cylinder":{"unit":"D","value":-5.18},"Axis":{"unit":"deg","value":38}},"TargetEye":"Bino"}},"PD":{"Distance":{"value":61.599999999999994,"unit":"mm"}}}