{"refraction":{"VD":{"unit":"mm","value":0},"R":{"List":{"1":{"Sphere":{"unit":"D","value":9.74},"Cylinder":{"unit":"D","value":3.98},"Axis":{"unit":"deg","value":5}},"2":{"Sphere":{"unit":"D","value":7.06},"Cylinder":{"unit":"D","value":7.51},"Axis":{"unit":"deg","value":170}},"3":{"Sphere":{"unit":"D","value":6.32},"Cylinder":{"unit":"D","value":4.5},"Axis":{"unit":"deg","value":22}}},"Median":{"Sphere":{"unit":"D","value":9.74},"Cylinder":{"unit":"D","value":4.5},"Axis":{"unit":"deg","value":5}},"TargetEye":"Bino"},"L":{"List":{"1":{"Sphere":{"unit":"D","value":-1.34},"Cylinder":{"unit":"D","value":4.15},"Axis":{"unit":"deg","value":122}},"2":{"Sphere":{"unit":"D","value":-4.43},"Cylinder":{"unit":"D","value":0.55},"Axis":{"unit":"deg","value":136}},"3":{"Sphere":{"unit":"D","value":-9.04},"Cylinder":{"unit":"D","value":0.6},"Axis":{"unit":"deg","value":58}}},"Median":{"Sphere":{"unit":"D","value":-4.43},"Cylinder":{"unit":"D","value":4.15},"Axis":{"unit":"deg","value":136}},"TargetEye":"Bino"}},"PD":{"Distance":{"value":63.5,"unit":"mm"}}}