{"refraction":{"VD":{"unit":"mm","value":0},"R":{"List":{"1":{"Sphere":{"unit":"D","value":-3.36},"Cylinder":{"unit":"D","value":-6.12},"Axis":{"unit":"deg","value":132}},"2":{"Sphere":{"unit":"D","value":7.66},"Cylinder":{"unit":"D","value":-3.32},"Axis":{"unit":"deg","value":12}},"3":{"Sphere":{"unit":"D","value":2.15},"Cylinder":{"unit":"D","value":-5.02},"Axis":{"unit":"deg","value":72}}},"Median":{"Sphere":{"unit":"D","value":7.66},"Cylinder":{"unit":"D","value":-6.12},"Axis":{"unit":"deg","value":72}},"TargetEye":"R"},"L":{"List":{"1":[],"2":[],"3":[]},"Median":[]}},"PD":{"Distance":{"value":0,"unit":""}}}