{"refraction":{"VD":{"unit":"mm","value":0},"R":{"List":{"1":{"Sphere":{"unit":"D","value":-5.89},"Cylinder":{"unit":"D","value":-7.36},"Axis":{"unit":"deg","value":73}},"2":{"Sphere":{"unit":"D","value":0.42},"Cylinder":{"unit":"D","value":-0.68},"Axis":{"unit":"deg","value":95}},"3":{"Sphere":{"unit":"D","value":-4.12},"Cylinder":{"unit":"D","value":2.96},"Axis":{"unit":"deg","value":70}}},"Median":{"Sphere":{"unit":"D","value":-5.89},"Cylinder":{"unit":"D","value":-0.68},"Axis":{"unit":"deg","value":70}},"TargetEye":"R"},"L":{"List":{"1":[],"2":[],"3":[]},"Median":[]}},"PD":{"Distance":{"value":0,"unit":""}}}