{"refraction":{"VD":{"unit":"mm","value":0},"R":{"List":{"1":{"Sphere":{"unit":"D","value":-5.7},"Cylinder":{"unit":"D","value":-7.04},"Axis":{"unit":"deg","value":38}},"2":{"Sphere":{"unit":"D","value":1.09},"Cylinder":{"unit":"D","value":0.63},"Axis":{"unit":"deg","value":48}},"3":{"Sphere":{"unit":"D","value":-7.75},"Cylinder":{"unit":"D","value":-9.23},"Axis":{"unit":"deg","value":41}}},"Median":{"Sphere":{"unit":"D","value":-7.75},"Cylinder":{"unit":"D","value":0.63},"Axis":{"unit":"deg","value":48}},"TargetEye":"R"},"L":{"List":{"1":[],"2":[],"3":[]},"Median":[]}},"PD":{"Distance":{"value":0,"unit":""}}}