{"refraction":{"VD":{"unit":"mm","value":0},"R":{"List":{"1":{"Sphere":{"unit":"D","value":0.95},"Cylinder":{"unit":"D","value":-9.11},"Axis":{"unit":"deg","value":17}},"2":{"Sphere":{"unit":"D","value":8.41},"Cylinder":{"unit":"D","value":-0.31},"Axis":{"unit":"deg","value":51}},"3":{"Sphere":{"unit":"D","value":8.61},"Cylinder":{"unit":"D","value":-9.29},"Axis":{"unit":"deg","value":159}}},"Median":{"Sphere":{"unit":"D","value":8.41},"Cylinder":{"unit":"D","value":-0.31},"Axis":{"unit":"deg","value":17}},"TargetEye":"R"},"L":{"List":{"1":[],"2":[],"3":[]},"Median":[]}},"PD":{"Distance":{"value":0,"unit":""}}}