{"refraction":{"VD":{"unit":"mm","value":0},"R":{"List":{"1":{"Sphere":{"unit":"D","value":5.34},"Cylinder":{"unit":"D","value":4.02},"Axis":{"unit":"deg","value":45}},"2":{"Sphere":{"unit":"D","value":-6.73},"Cylinder":{"unit":"D","value":-0.72},"Axis":{"unit":"deg","value":116}},"3":{"Sphere":{"unit":"D","value":0.93},"Cylinder":{"unit":"D","value":0.83},"Axis":{"unit":"deg","value":80}}},"Median":{"Sphere":{"unit":"D","value":-6.73},"Cylinder":{"unit":"D","value":0.83},"Axis":{"unit":"deg","value":45}},"TargetEye":"R"},"L":{"List":{"1":[],"2":[],"3":[]},"Median":[]}},"PD":{"Distance":{"value":0,"unit":""}}}