{"refraction":{"VD":{"unit":"mm","value":0},"R":{"List":{"1":{"Sphere":{"unit":"D","value":-1.04},"Cylinder":{"unit":"D","value":-5.19},"Axis":{"unit":"deg","value":27}},"2":{"Sphere":{"unit":"D","value":-7.26},"Cylinder":{"unit":"D","value":6.19},"Axis":{"unit":"deg","value":26}},"3":{"Sphere":{"unit":"D","value":-6.64},"Cylinder":{"unit":"D","value":-8.72},"Axis":{"unit":"deg","value":4}}},"Median":{"Sphere":{"unit":"D","value":-1.04},"Cylinder":{"unit":"D","value":-8.72},"Axis":{"unit":"deg","value":4}},"TargetEye":"R"},"L":{"List":{"1":[],"2":[],"3":[]},"Median":[]}},"PD":{"Distance":{"value":0,"unit":""}}}