{"refraction":{"VD":{"unit":"mm","value":0},"R":{"List":{"1":{"Sphere":{"unit":"D","value":-7.32},"Cylinder":{"unit":"D","value":-5.3},"Axis":{"unit":"deg","value":57}},"2":{"Sphere":{"unit":"D","value":8.77},"Cylinder":{"unit":"D","value":6.24},"Axis":{"unit":"deg","value":176}},"3":{"Sphere":{"unit":"D","value":6.17},"Cylinder":{"unit":"D","value":3.26},"Axis":{"unit":"deg","value":127}}},"Median":{"Sphere":{"unit":"D","value":6.17},"Cylinder":{"unit":"D","value":-5.3},"Axis":{"unit":"deg","value":57}},"TargetEye":"R"},"L":{"List":{"1":[],"2":[],"3":[]},"Median":[]}},"PD":{"Distance":{"value":0,"unit":""}}}