{"subjective":{"RefractionTest":{"List":{"1":{"Full Correction":{"ExamDistance":{"List":{"1":{"Distance":{"unit":"mm","value":400},"RefractionData":{"R":{"Sphere":{"unit":"D","value":-1.25},"Cylinder":{"unit":"D","value":-8.75},"Axis":{"unit":"deg","value":180}},"L":{"Sphere":{"unit":"D","value":0},"Cylinder":{"unit":"D","value":0},"Axis":{"unit":"deg","value":90}},"VD":{"unit":"mm","value":0},"PD":{"B":{"unit":"mm","value":65}}},"VA":{"R":{"unit":"","value":""},"L":{"unit":"","value":""},"B":{"unit":"decimal","value":1}}},"2":{"Distance":{"unit":"mm","value":400},"RefractionData":{"R":{"Sphere":{"unit":"D","value":-1},"Cylinder":{"unit":"D","value":-8.75},"Axis":{"unit":"deg","value":180}},"L":{"Sphere":{"unit":"D","value":0},"Cylinder":{"unit":"D","value":0},"Axis":{"unit":"deg","value":90}},"VD":{"unit":"mm","value":0},"PD":{"B":{"unit":"mm","value":65}}},"VA":{"R":{"unit":"","value":""},"L":{"unit":"","value":""},"B":{"unit":"meter","value":12}}}}}}}}}}}