{"refraction":{"VD":{"unit":"mm","value":12},"R":{"List":{"1":{"Sphere":{"unit":"D","value":-1.44},"Cylinder":{"unit":"D","value":1.99},"Axis":{"unit":"deg","value":93}},"2":{"Sphere":{"unit":"D","value":-9.92},"Cylinder":{"unit":"D","value":9.17},"Axis":{"unit":"deg","value":156}},"3":{"Sphere":{"unit":"D","value":-8.29},"Cylinder":{"unit":"D","value":-3.62},"Axis":{"unit":"deg","value":110}}},"Median":{"Sphere":{"unit":"D","value":-9.92},"Cylinder":{"unit":"D","value":9.17},"Axis":{"unit":"deg","value":156}},"TargetEye":"Bino"},"L":{"List":{"1":{"Sphere":{"unit":"D","value":9.8},"Cylinder":{"unit":"D","value":7.33},"Axis":{"unit":"deg","value":147}},"2":{"Sphere":{"unit":"D","value":-1.48},"Cylinder":{"unit":"D","value":-0.97},"Axis":{"unit":"deg","value":115}},"3":{"Sphere":{"unit":"D","value":5.37},"Cylinder":{"unit":"D","value":-5.99},"Axis":{"unit":"deg","value":117}}},"Median":{"Sphere":{"unit":"D","value":5.37},"Cylinder":{"unit":"D","value":-0.97},"Axis":{"unit":"deg","value":115}},"TargetEye":"Bino"}},"PD":{"Distance":{"value":61.7,"unit":"mm"}}}