{"refraction":{"VD":{"unit":"mm","value":12},"R":{"List":{"1":{"Sphere":{"unit":"D","value":-7.82},"Cylinder":{"unit":"D","value":-1.27},"Axis":{"unit":"deg","value":65}},"2":{"Sphere":{"unit":"D","value":-5.66},"Cylinder":{"unit":"D","value":6.5},"Axis":{"unit":"deg","value":130}},"3":{"Sphere":{"unit":"D","value":-3.88},"Cylinder":{"unit":"D","value":-3.67},"Axis":{"unit":"deg","value":17}}},"Median":{"Sphere":{"unit":"D","value":-5.66},"Cylinder":{"unit":"D","value":6.5},"Axis":{"unit":"deg","value":65}},"TargetEye":"Bino"},"L":{"List":{"1":{"Sphere":{"unit":"D","value":2.97},"Cylinder":{"unit":"D","value":-3.59},"Axis":{"unit":"deg","value":115}},"2":{"Sphere":{"unit":"D","value":8.2},"Cylinder":{"unit":"D","value":0.07},"Axis":{"unit":"deg","value":115}},"3":{"Sphere":{"unit":"D","value":-0.24},"Cylinder":{"unit":"D","value":0.56},"Axis":{"unit":"deg","value":46}}},"Median":{"Sphere":{"unit":"D","value":-0.24},"Cylinder":{"unit":"D","value":0.56},"Axis":{"unit":"deg","value":115}},"TargetEye":"Bino"}},"PD":{"Distance":{"value":54.1,"unit":"mm"}}}