{"refraction":{"VD":{"unit":"mm","value":12},"R":{"List":{"1":{"Sphere":{"unit":"D","value":5.35},"Cylinder":{"unit":"D","value":-3.08},"Axis":{"unit":"deg","value":26}},"2":{"Sphere":{"unit":"D","value":-9.21},"Cylinder":{"unit":"D","value":-1.2},"Axis":{"unit":"deg","value":128}},"3":{"Sphere":{"unit":"D","value":3.05},"Cylinder":{"unit":"D","value":1.03},"Axis":{"unit":"deg","value":35}}},"Median":{"Sphere":{"unit":"D","value":-9.21},"Cylinder":{"unit":"D","value":-3.08},"Axis":{"unit":"deg","value":26}},"TargetEye":"Bino"},"L":{"List":{"1":{"Sphere":{"unit":"D","value":1.86},"Cylinder":{"unit":"D","value":-2.95},"Axis":{"unit":"deg","value":60}},"2":{"Sphere":{"unit":"D","value":-1.91},"Cylinder":{"unit":"D","value":3.12},"Axis":{"unit":"deg","value":75}},"3":{"Sphere":{"unit":"D","value":-4.46},"Cylinder":{"unit":"D","value":2.11},"Axis":{"unit":"deg","value":29}}},"Median":{"Sphere":{"unit":"D","value":-1.91},"Cylinder":{"unit":"D","value":3.12},"Axis":{"unit":"deg","value":75}},"TargetEye":"Bino"}},"PD":{"Distance":{"value":62.6,"unit":"mm"}}}