{"refraction":{"VD":{"unit":"mm","value":0},"R":{"List":{"1":{"Sphere":{"unit":"D","value":6.7},"Cylinder":{"unit":"D","value":7.76},"Axis":{"unit":"deg","value":120}},"2":{"Sphere":{"unit":"D","value":-4.91},"Cylinder":{"unit":"D","value":5.04},"Axis":{"unit":"deg","value":52}},"3":{"Sphere":{"unit":"D","value":4.74},"Cylinder":{"unit":"D","value":7.24},"Axis":{"unit":"deg","value":123}}},"Median":{"Sphere":{"unit":"D","value":4.74},"Cylinder":{"unit":"D","value":5.04},"Axis":{"unit":"deg","value":123}},"TargetEye":"Bino"},"L":{"List":{"1":{"Sphere":{"unit":"D","value":4.84},"Cylinder":{"unit":"D","value":-4.2},"Axis":{"unit":"deg","value":137}},"2":{"Sphere":{"unit":"D","value":0.11},"Cylinder":{"unit":"D","value":8.25},"Axis":{"unit":"deg","value":86}},"3":{"Sphere":{"unit":"D","value":9.08},"Cylinder":{"unit":"D","value":9.15},"Axis":{"unit":"deg","value":54}}},"Median":{"Sphere":{"unit":"D","value":0.11},"Cylinder":{"unit":"D","value":8.25},"Axis":{"unit":"deg","value":86}},"TargetEye":"Bino"}},"PD":{"Distance":{"value":85.4,"unit":"mm"}}}