{"refraction":{"VD":{"unit":"mm","value":0},"R":{"List":{"1":{"Sphere":{"unit":"D","value":0.56},"Cylinder":{"unit":"D","value":-0.54},"Axis":{"unit":"deg","value":24}},"2":{"Sphere":{"unit":"D","value":5.25},"Cylinder":{"unit":"D","value":4.83},"Axis":{"unit":"deg","value":1}},"3":{"Sphere":{"unit":"D","value":-4.22},"Cylinder":{"unit":"D","value":-4.17},"Axis":{"unit":"deg","value":134}}},"Median":{"Sphere":{"unit":"D","value":0.56},"Cylinder":{"unit":"D","value":-4.17},"Axis":{"unit":"deg","value":1}},"TargetEye":"Bino"},"L":{"List":{"1":{"Sphere":{"unit":"D","value":-1.92},"Cylinder":{"unit":"D","value":5.14},"Axis":{"unit":"deg","value":136}},"2":{"Sphere":{"unit":"D","value":-3.15},"Cylinder":{"unit":"D","value":4.7},"Axis":{"unit":"deg","value":140}},"3":{"Sphere":{"unit":"D","value":-7.97},"Cylinder":{"unit":"D","value":-8.43},"Axis":{"unit":"deg","value":45}}},"Median":{"Sphere":{"unit":"D","value":-1.92},"Cylinder":{"unit":"D","value":4.7},"Axis":{"unit":"deg","value":136}},"TargetEye":"Bino"}},"PD":{"Distance":{"value":76.9,"unit":"mm"}}}