{"refraction":{"VD":{"unit":"mm","value":0},"R":{"List":{"1":{"Sphere":{"unit":"D","value":7.37},"Cylinder":{"unit":"D","value":-7.17},"Axis":{"unit":"deg","value":110}},"2":{"Sphere":{"unit":"D","value":-3.98},"Cylinder":{"unit":"D","value":3.59},"Axis":{"unit":"deg","value":49}},"3":{"Sphere":{"unit":"D","value":-6.75},"Cylinder":{"unit":"D","value":2.63},"Axis":{"unit":"deg","value":29}}},"Median":{"Sphere":{"unit":"D","value":-6.75},"Cylinder":{"unit":"D","value":3.59},"Axis":{"unit":"deg","value":110}},"TargetEye":"Bino"},"L":{"List":{"1":{"Sphere":{"unit":"D","value":3.49},"Cylinder":{"unit":"D","value":6.19},"Axis":{"unit":"deg","value":153}},"2":{"Sphere":{"unit":"D","value":-8.8},"Cylinder":{"unit":"D","value":-4.84},"Axis":{"unit":"deg","value":176}},"3":{"Sphere":{"unit":"D","value":-4.1},"Cylinder":{"unit":"D","value":2.04},"Axis":{"unit":"deg","value":8}}},"Median":{"Sphere":{"unit":"D","value":-8.8},"Cylinder":{"unit":"D","value":2.04},"Axis":{"unit":"deg","value":8}},"TargetEye":"Bino"}},"PD":{"Distance":{"value":70.19999999999999,"unit":"mm"}}}