{"refraction":{"VD":{"unit":"mm","value":0},"R":{"List":{"1":{"Sphere":{"unit":"D","value":3.37},"Cylinder":{"unit":"D","value":8.41},"Axis":{"unit":"deg","value":14}},"2":{"Sphere":{"unit":"D","value":1.35},"Cylinder":{"unit":"D","value":6.47},"Axis":{"unit":"deg","value":35}},"3":{"Sphere":{"unit":"D","value":6.94},"Cylinder":{"unit":"D","value":-3.87},"Axis":{"unit":"deg","value":170}}},"Median":{"Sphere":{"unit":"D","value":1.35},"Cylinder":{"unit":"D","value":-3.87},"Axis":{"unit":"deg","value":170}},"TargetEye":"Bino"},"L":{"List":{"1":{"Sphere":{"unit":"D","value":5.16},"Cylinder":{"unit":"D","value":-8.51},"Axis":{"unit":"deg","value":64}},"2":{"Sphere":{"unit":"D","value":-7.27},"Cylinder":{"unit":"D","value":1.87},"Axis":{"unit":"deg","value":139}},"3":{"Sphere":{"unit":"D","value":-3.79},"Cylinder":{"unit":"D","value":-5.4},"Axis":{"unit":"deg","value":120}}},"Median":{"Sphere":{"unit":"D","value":5.16},"Cylinder":{"unit":"D","value":1.87},"Axis":{"unit":"deg","value":139}},"TargetEye":"Bino"}},"PD":{"Distance":{"value":86.1,"unit":"mm"}}}