{"refraction":{"VD":{"unit":"mm","value":0},"R":{"List":{"1":{"Sphere":{"unit":"D","value":5.39},"Cylinder":{"unit":"D","value":0.17},"Axis":{"unit":"deg","value":24}},"2":{"Sphere":{"unit":"D","value":9.57},"Cylinder":{"unit":"D","value":9.18},"Axis":{"unit":"deg","value":78}},"3":{"Sphere":{"unit":"D","value":-2.54},"Cylinder":{"unit":"D","value":-3.57},"Axis":{"unit":"deg","value":22}}},"Median":{"Sphere":{"unit":"D","value":5.39},"Cylinder":{"unit":"D","value":-3.57},"Axis":{"unit":"deg","value":78}},"TargetEye":"Bino"},"L":{"List":{"1":{"Sphere":{"unit":"D","value":-2.12},"Cylinder":{"unit":"D","value":-5.13},"Axis":{"unit":"deg","value":23}},"2":{"Sphere":{"unit":"D","value":6.56},"Cylinder":{"unit":"D","value":-5.78},"Axis":{"unit":"deg","value":151}},"3":{"Sphere":{"unit":"D","value":-8.35},"Cylinder":{"unit":"D","value":-6.54},"Axis":{"unit":"deg","value":173}}},"Median":{"Sphere":{"unit":"D","value":-2.12},"Cylinder":{"unit":"D","value":-6.54},"Axis":{"unit":"deg","value":173}},"TargetEye":"Bino"}},"PD":{"Distance":{"value":68.4,"unit":"mm"}}}