{"refraction":{"VD":{"unit":"mm","value":0},"R":{"List":{"1":{"Sphere":{"unit":"D","value":-8.03},"Cylinder":{"unit":"D","value":0.37},"Axis":{"unit":"deg","value":87}},"2":{"Sphere":{"unit":"D","value":8.61},"Cylinder":{"unit":"D","value":-6.74},"Axis":{"unit":"deg","value":176}},"3":{"Sphere":{"unit":"D","value":-0.43},"Cylinder":{"unit":"D","value":0.02},"Axis":{"unit":"deg","value":66}}},"Median":{"Sphere":{"unit":"D","value":8.61},"Cylinder":{"unit":"D","value":0.02},"Axis":{"unit":"deg","value":87}},"TargetEye":"Bino"},"L":{"List":{"1":{"Sphere":{"unit":"D","value":6.21},"Cylinder":{"unit":"D","value":7.87},"Axis":{"unit":"deg","value":143}},"2":{"Sphere":{"unit":"D","value":3.44},"Cylinder":{"unit":"D","value":3.15},"Axis":{"unit":"deg","value":14}},"3":{"Sphere":{"unit":"D","value":-1.29},"Cylinder":{"unit":"D","value":-5.23},"Axis":{"unit":"deg","value":146}}},"Median":{"Sphere":{"unit":"D","value":-1.29},"Cylinder":{"unit":"D","value":3.15},"Axis":{"unit":"deg","value":14}},"TargetEye":"Bino"}},"PD":{"Distance":{"value":47.3,"unit":"mm"}}}