{"refraction":{"VD":{"unit":"mm","value":0},"R":{"List":{"1":{"Sphere":{"unit":"D","value":-1.83},"Cylinder":{"unit":"D","value":-9.67},"Axis":{"unit":"deg","value":126}},"2":{"Sphere":{"unit":"D","value":-5.73},"Cylinder":{"unit":"D","value":-0.9},"Axis":{"unit":"deg","value":121}},"3":{"Sphere":{"unit":"D","value":7.16},"Cylinder":{"unit":"D","value":0.01},"Axis":{"unit":"deg","value":86}}},"Median":{"Sphere":{"unit":"D","value":7.16},"Cylinder":{"unit":"D","value":0.01},"Axis":{"unit":"deg","value":126}},"TargetEye":"Bino"},"L":{"List":{"1":{"Sphere":{"unit":"D","value":3.64},"Cylinder":{"unit":"D","value":-9.66},"Axis":{"unit":"deg","value":26}},"2":{"Sphere":{"unit":"D","value":9.12},"Cylinder":{"unit":"D","value":-0.06},"Axis":{"unit":"deg","value":81}},"3":{"Sphere":{"unit":"D","value":0.3},"Cylinder":{"unit":"D","value":-8.57},"Axis":{"unit":"deg","value":113}}},"Median":{"Sphere":{"unit":"D","value":0.3},"Cylinder":{"unit":"D","value":-8.57},"Axis":{"unit":"deg","value":26}},"TargetEye":"Bino"}},"PD":{"Distance":{"value":69.7,"unit":"mm"}}}