{"refraction":{"VD":{"unit":"mm","value":0},"R":{"List":{"1":{"Sphere":{"unit":"D","value":7.79},"Cylinder":{"unit":"D","value":4.11},"Axis":{"unit":"deg","value":31}},"2":{"Sphere":{"unit":"D","value":5.14},"Cylinder":{"unit":"D","value":-4.64},"Axis":{"unit":"deg","value":157}},"3":{"Sphere":{"unit":"D","value":2.84},"Cylinder":{"unit":"D","value":6.04},"Axis":{"unit":"deg","value":52}}},"Median":{"Sphere":{"unit":"D","value":5.14},"Cylinder":{"unit":"D","value":4.11},"Axis":{"unit":"deg","value":31}},"TargetEye":"Bino"},"L":{"List":{"1":{"Sphere":{"unit":"D","value":-3.48},"Cylinder":{"unit":"D","value":-0.7},"Axis":{"unit":"deg","value":132}},"2":{"Sphere":{"unit":"D","value":-2.58},"Cylinder":{"unit":"D","value":-2.2},"Axis":{"unit":"deg","value":113}},"3":{"Sphere":{"unit":"D","value":8.5},"Cylinder":{"unit":"D","value":0.89},"Axis":{"unit":"deg","value":130}}},"Median":{"Sphere":{"unit":"D","value":-2.58},"Cylinder":{"unit":"D","value":-2.2},"Axis":{"unit":"deg","value":132}},"TargetEye":"Bino"}},"PD":{"Distance":{"value":84.5,"unit":"mm"}}}