{"refraction":{"VD":{"unit":"mm","value":0},"R":{"List":{"1":{"Sphere":{"unit":"D","value":6.58},"Cylinder":{"unit":"D","value":8.46},"Axis":{"unit":"deg","value":123}},"2":{"Sphere":{"unit":"D","value":3.2},"Cylinder":{"unit":"D","value":-9.38},"Axis":{"unit":"deg","value":164}},"3":{"Sphere":{"unit":"D","value":6.38},"Cylinder":{"unit":"D","value":-6.28},"Axis":{"unit":"deg","value":161}}},"Median":{"Sphere":{"unit":"D","value":6.38},"Cylinder":{"unit":"D","value":8.46},"Axis":{"unit":"deg","value":161}},"TargetEye":"Bino"},"L":{"List":{"1":{"Sphere":{"unit":"D","value":-7.41},"Cylinder":{"unit":"D","value":-0.28},"Axis":{"unit":"deg","value":14}},"2":{"Sphere":{"unit":"D","value":-0.79},"Cylinder":{"unit":"D","value":-0.1},"Axis":{"unit":"deg","value":133}},"3":{"Sphere":{"unit":"D","value":5.41},"Cylinder":{"unit":"D","value":3.07},"Axis":{"unit":"deg","value":73}}},"Median":{"Sphere":{"unit":"D","value":-0.79},"Cylinder":{"unit":"D","value":3.07},"Axis":{"unit":"deg","value":14}},"TargetEye":"Bino"}},"PD":{"Distance":{"value":79.9,"unit":"mm"}}}