{"refraction":{"VD":{"unit":"mm","value":0},"R":{"List":{"1":{"Sphere":{"unit":"D","value":-8.31},"Cylinder":{"unit":"D","value":6.7},"Axis":{"unit":"deg","value":46}},"2":{"Sphere":{"unit":"D","value":-1.74},"Cylinder":{"unit":"D","value":3.16},"Axis":{"unit":"deg","value":134}},"3":{"Sphere":{"unit":"D","value":-0.15},"Cylinder":{"unit":"D","value":7.2},"Axis":{"unit":"deg","value":114}}},"Median":{"Sphere":{"unit":"D","value":-8.31},"Cylinder":{"unit":"D","value":6.7},"Axis":{"unit":"deg","value":46}},"TargetEye":"Bino"},"L":{"List":{"1":{"Sphere":{"unit":"D","value":-2.2},"Cylinder":{"unit":"D","value":-5.3},"Axis":{"unit":"deg","value":117}},"2":{"Sphere":{"unit":"D","value":-2.85},"Cylinder":{"unit":"D","value":6.67},"Axis":{"unit":"deg","value":171}},"3":{"Sphere":{"unit":"D","value":3.75},"Cylinder":{"unit":"D","value":9.98},"Axis":{"unit":"deg","value":2}}},"Median":{"Sphere":{"unit":"D","value":3.75},"Cylinder":{"unit":"D","value":6.67},"Axis":{"unit":"deg","value":117}},"TargetEye":"Bino"}},"PD":{"Distance":{"value":64.8,"unit":"mm"}}}