{"refraction":{"VD":{"unit":"mm","value":0},"R":{"List":{"1":{"Sphere":{"unit":"D","value":7.16},"Cylinder":{"unit":"D","value":-0.86},"Axis":{"unit":"deg","value":163}},"2":{"Sphere":{"unit":"D","value":2.51},"Cylinder":{"unit":"D","value":-5.62},"Axis":{"unit":"deg","value":112}},"3":{"Sphere":{"unit":"D","value":9.78},"Cylinder":{"unit":"D","value":-6.84},"Axis":{"unit":"deg","value":66}}},"Median":{"Sphere":{"unit":"D","value":7.16},"Cylinder":{"unit":"D","value":-5.62},"Axis":{"unit":"deg","value":112}},"TargetEye":"Bino"},"L":{"List":{"1":{"Sphere":{"unit":"D","value":3.71},"Cylinder":{"unit":"D","value":8.75},"Axis":{"unit":"deg","value":161}},"2":{"Sphere":{"unit":"D","value":8.94},"Cylinder":{"unit":"D","value":0.29},"Axis":{"unit":"deg","value":175}},"3":{"Sphere":{"unit":"D","value":-4.54},"Cylinder":{"unit":"D","value":-4.88},"Axis":{"unit":"deg","value":67}}},"Median":{"Sphere":{"unit":"D","value":8.94},"Cylinder":{"unit":"D","value":-4.88},"Axis":{"unit":"deg","value":67}},"TargetEye":"Bino"}},"PD":{"Distance":{"value":77.8,"unit":"mm"}}}