{"refraction":{"VD":{"unit":"mm","value":0},"R":{"List":{"1":{"Sphere":{"unit":"D","value":5.39},"Cylinder":{"unit":"D","value":-6.63},"Axis":{"unit":"deg","value":2}},"2":{"Sphere":{"unit":"D","value":9.13},"Cylinder":{"unit":"D","value":-5.25},"Axis":{"unit":"deg","value":80}},"3":{"Sphere":{"unit":"D","value":1.01},"Cylinder":{"unit":"D","value":7.97},"Axis":{"unit":"deg","value":154}}},"Median":{"Sphere":{"unit":"D","value":5.39},"Cylinder":{"unit":"D","value":7.97},"Axis":{"unit":"deg","value":80}},"TargetEye":"Bino"},"L":{"List":{"1":{"Sphere":{"unit":"D","value":-1.75},"Cylinder":{"unit":"D","value":-6.9},"Axis":{"unit":"deg","value":34}},"2":{"Sphere":{"unit":"D","value":6.9},"Cylinder":{"unit":"D","value":2.83},"Axis":{"unit":"deg","value":178}},"3":{"Sphere":{"unit":"D","value":-2.97},"Cylinder":{"unit":"D","value":-4},"Axis":{"unit":"deg","value":45}}},"Median":{"Sphere":{"unit":"D","value":6.9},"Cylinder":{"unit":"D","value":-6.9},"Axis":{"unit":"deg","value":178}},"TargetEye":"Bino"}},"PD":{"Distance":{"value":33.8,"unit":"mm"}}}