{"refraction":{"VD":{"unit":"mm","value":0},"R":{"List":{"1":{"Sphere":{"unit":"D","value":0.71},"Cylinder":{"unit":"D","value":3.3},"Axis":{"unit":"deg","value":60}},"2":{"Sphere":{"unit":"D","value":-9.76},"Cylinder":{"unit":"D","value":1.43},"Axis":{"unit":"deg","value":165}},"3":{"Sphere":{"unit":"D","value":-5.81},"Cylinder":{"unit":"D","value":7.43},"Axis":{"unit":"deg","value":18}}},"Median":{"Sphere":{"unit":"D","value":0.71},"Cylinder":{"unit":"D","value":1.43},"Axis":{"unit":"deg","value":18}},"TargetEye":"Bino"},"L":{"List":{"1":{"Sphere":{"unit":"D","value":8.71},"Cylinder":{"unit":"D","value":7.64},"Axis":{"unit":"deg","value":71}},"2":{"Sphere":{"unit":"D","value":5.3},"Cylinder":{"unit":"D","value":-7.61},"Axis":{"unit":"deg","value":42}},"3":{"Sphere":{"unit":"D","value":1.48},"Cylinder":{"unit":"D","value":-2.49},"Axis":{"unit":"deg","value":154}}},"Median":{"Sphere":{"unit":"D","value":1.48},"Cylinder":{"unit":"D","value":7.64},"Axis":{"unit":"deg","value":71}},"TargetEye":"Bino"}},"PD":{"Distance":{"value":83.2,"unit":"mm"}}}