{"refraction":{"VD":{"unit":"mm","value":0},"R":{"List":{"1":{"Sphere":{"unit":"D","value":-1.1},"Cylinder":{"unit":"D","value":-1.38},"Axis":{"unit":"deg","value":117}},"2":{"Sphere":{"unit":"D","value":5.76},"Cylinder":{"unit":"D","value":1.09},"Axis":{"unit":"deg","value":135}},"3":{"Sphere":{"unit":"D","value":2.7},"Cylinder":{"unit":"D","value":-7.8},"Axis":{"unit":"deg","value":93}}},"Median":{"Sphere":{"unit":"D","value":5.76},"Cylinder":{"unit":"D","value":-7.8},"Axis":{"unit":"deg","value":93}},"TargetEye":"Bino"},"L":{"List":{"1":{"Sphere":{"unit":"D","value":-0.15},"Cylinder":{"unit":"D","value":8.5},"Axis":{"unit":"deg","value":43}},"2":{"Sphere":{"unit":"D","value":6.73},"Cylinder":{"unit":"D","value":-0.12},"Axis":{"unit":"deg","value":146}},"3":{"Sphere":{"unit":"D","value":-3.73},"Cylinder":{"unit":"D","value":-9.48},"Axis":{"unit":"deg","value":122}}},"Median":{"Sphere":{"unit":"D","value":-0.15},"Cylinder":{"unit":"D","value":-0.12},"Axis":{"unit":"deg","value":43}},"TargetEye":"Bino"}},"PD":{"Distance":{"value":55.2,"unit":"mm"}}}