{"refraction":{"VD":{"unit":"mm","value":0},"R":{"List":{"1":{"Sphere":{"unit":"D","value":0.96},"Cylinder":{"unit":"D","value":9.1},"Axis":{"unit":"deg","value":82}},"2":{"Sphere":{"unit":"D","value":-3.65},"Cylinder":{"unit":"D","value":5.39},"Axis":{"unit":"deg","value":39}},"3":{"Sphere":{"unit":"D","value":-4.12},"Cylinder":{"unit":"D","value":-0.07},"Axis":{"unit":"deg","value":122}}},"Median":{"Sphere":{"unit":"D","value":-3.65},"Cylinder":{"unit":"D","value":5.39},"Axis":{"unit":"deg","value":82}},"TargetEye":"Bino"},"L":{"List":{"1":{"Sphere":{"unit":"D","value":-3.09},"Cylinder":{"unit":"D","value":2.83},"Axis":{"unit":"deg","value":96}},"2":{"Sphere":{"unit":"D","value":-8},"Cylinder":{"unit":"D","value":-0.22},"Axis":{"unit":"deg","value":37}},"3":{"Sphere":{"unit":"D","value":-4.41},"Cylinder":{"unit":"D","value":-2.05},"Axis":{"unit":"deg","value":33}}},"Median":{"Sphere":{"unit":"D","value":-8},"Cylinder":{"unit":"D","value":-0.22},"Axis":{"unit":"deg","value":96}},"TargetEye":"Bino"}},"PD":{"Distance":{"value":79.6,"unit":"mm"}}}