{"refraction":{"VD":{"unit":"mm","value":0},"R":{"List":{"1":{"Sphere":{"unit":"D","value":7.68},"Cylinder":{"unit":"D","value":-9.37},"Axis":{"unit":"deg","value":104}},"2":{"Sphere":{"unit":"D","value":-8.8},"Cylinder":{"unit":"D","value":3.04},"Axis":{"unit":"deg","value":34}},"3":{"Sphere":{"unit":"D","value":5.19},"Cylinder":{"unit":"D","value":-2.81},"Axis":{"unit":"deg","value":83}}},"Median":{"Sphere":{"unit":"D","value":5.19},"Cylinder":{"unit":"D","value":3.04},"Axis":{"unit":"deg","value":83}},"TargetEye":"Bino"},"L":{"List":{"1":{"Sphere":{"unit":"D","value":2.6},"Cylinder":{"unit":"D","value":6.76},"Axis":{"unit":"deg","value":163}},"2":{"Sphere":{"unit":"D","value":4.23},"Cylinder":{"unit":"D","value":-9.22},"Axis":{"unit":"deg","value":66}},"3":{"Sphere":{"unit":"D","value":2.06},"Cylinder":{"unit":"D","value":7.97},"Axis":{"unit":"deg","value":24}}},"Median":{"Sphere":{"unit":"D","value":2.06},"Cylinder":{"unit":"D","value":-9.22},"Axis":{"unit":"deg","value":24}},"TargetEye":"Bino"}},"PD":{"Distance":{"value":68.7,"unit":"mm"}}}