{"refraction":{"VD":{"unit":"mm","value":0},"R":{"List":{"1":{"Sphere":{"unit":"D","value":-1.01},"Cylinder":{"unit":"D","value":-1.21},"Axis":{"unit":"deg","value":64}},"2":{"Sphere":{"unit":"D","value":-0.98},"Cylinder":{"unit":"D","value":5.07},"Axis":{"unit":"deg","value":90}},"3":{"Sphere":{"unit":"D","value":1.44},"Cylinder":{"unit":"D","value":7.14},"Axis":{"unit":"deg","value":59}}},"Median":{"Sphere":{"unit":"D","value":-0.98},"Cylinder":{"unit":"D","value":5.07},"Axis":{"unit":"deg","value":64}},"TargetEye":"Bino"},"L":{"List":{"1":{"Sphere":{"unit":"D","value":-7.33},"Cylinder":{"unit":"D","value":-2.89},"Axis":{"unit":"deg","value":170}},"2":{"Sphere":{"unit":"D","value":-7.47},"Cylinder":{"unit":"D","value":-8.81},"Axis":{"unit":"deg","value":143}},"3":{"Sphere":{"unit":"D","value":-4.12},"Cylinder":{"unit":"D","value":-6.92},"Axis":{"unit":"deg","value":119}}},"Median":{"Sphere":{"unit":"D","value":-7.33},"Cylinder":{"unit":"D","value":-8.81},"Axis":{"unit":"deg","value":119}},"TargetEye":"Bino"}},"PD":{"Distance":{"value":39.099999999999994,"unit":"mm"}}}