{"refraction":{"VD":{"unit":"mm","value":0},"R":{"List":{"1":{"Sphere":{"unit":"D","value":-8.62},"Cylinder":{"unit":"D","value":-1.39},"Axis":{"unit":"deg","value":53}},"2":{"Sphere":{"unit":"D","value":-2.95},"Cylinder":{"unit":"D","value":0.85},"Axis":{"unit":"deg","value":134}},"3":{"Sphere":{"unit":"D","value":9.11},"Cylinder":{"unit":"D","value":-4.16},"Axis":{"unit":"deg","value":129}}},"Median":{"Sphere":{"unit":"D","value":-8.62},"Cylinder":{"unit":"D","value":-4.16},"Axis":{"unit":"deg","value":53}},"TargetEye":"Bino"},"L":{"List":{"1":{"Sphere":{"unit":"D","value":8.85},"Cylinder":{"unit":"D","value":3.08},"Axis":{"unit":"deg","value":76}},"2":{"Sphere":{"unit":"D","value":-9.37},"Cylinder":{"unit":"D","value":-5.31},"Axis":{"unit":"deg","value":157}},"3":{"Sphere":{"unit":"D","value":4.6},"Cylinder":{"unit":"D","value":4.13},"Axis":{"unit":"deg","value":129}}},"Median":{"Sphere":{"unit":"D","value":4.6},"Cylinder":{"unit":"D","value":-5.31},"Axis":{"unit":"deg","value":129}},"TargetEye":"Bino"}},"PD":{"Distance":{"value":82.7,"unit":"mm"}}}