{"refraction":{"VD":{"unit":"mm","value":0},"R":{"List":{"1":{"Sphere":{"unit":"D","value":0.84},"Cylinder":{"unit":"D","value":-6.15},"Axis":{"unit":"deg","value":130}},"2":{"Sphere":{"unit":"D","value":7.93},"Cylinder":{"unit":"D","value":6.75},"Axis":{"unit":"deg","value":144}},"3":{"Sphere":{"unit":"D","value":5.76},"Cylinder":{"unit":"D","value":7.95},"Axis":{"unit":"deg","value":30}}},"Median":{"Sphere":{"unit":"D","value":0.84},"Cylinder":{"unit":"D","value":6.75},"Axis":{"unit":"deg","value":130}},"TargetEye":"Bino"},"L":{"List":{"1":{"Sphere":{"unit":"D","value":-1.94},"Cylinder":{"unit":"D","value":4.47},"Axis":{"unit":"deg","value":45}},"2":{"Sphere":{"unit":"D","value":-7.91},"Cylinder":{"unit":"D","value":-1.71},"Axis":{"unit":"deg","value":127}},"3":{"Sphere":{"unit":"D","value":-4.23},"Cylinder":{"unit":"D","value":6.21},"Axis":{"unit":"deg","value":154}}},"Median":{"Sphere":{"unit":"D","value":-7.91},"Cylinder":{"unit":"D","value":4.47},"Axis":{"unit":"deg","value":45}},"TargetEye":"Bino"}},"PD":{"Distance":{"value":29.700000000000003,"unit":"mm"}}}