{"refraction":{"VD":{"unit":"mm","value":0},"R":{"List":{"1":{"Sphere":{"unit":"D","value":3.37},"Cylinder":{"unit":"D","value":4.59},"Axis":{"unit":"deg","value":125}},"2":{"Sphere":{"unit":"D","value":-7.92},"Cylinder":{"unit":"D","value":3.12},"Axis":{"unit":"deg","value":75}},"3":{"Sphere":{"unit":"D","value":5.39},"Cylinder":{"unit":"D","value":-7.91},"Axis":{"unit":"deg","value":86}}},"Median":{"Sphere":{"unit":"D","value":5.39},"Cylinder":{"unit":"D","value":-7.91},"Axis":{"unit":"deg","value":75}},"TargetEye":"Bino"},"L":{"List":{"1":{"Sphere":{"unit":"D","value":-7.8},"Cylinder":{"unit":"D","value":4.84},"Axis":{"unit":"deg","value":97}},"2":{"Sphere":{"unit":"D","value":-4.89},"Cylinder":{"unit":"D","value":-0.44},"Axis":{"unit":"deg","value":178}},"3":{"Sphere":{"unit":"D","value":-7.87},"Cylinder":{"unit":"D","value":6.62},"Axis":{"unit":"deg","value":54}}},"Median":{"Sphere":{"unit":"D","value":-7.8},"Cylinder":{"unit":"D","value":4.84},"Axis":{"unit":"deg","value":97}},"TargetEye":"Bino"}},"PD":{"Distance":{"value":43.9,"unit":"mm"}}}