{"refraction":{"VD":{"unit":"mm","value":0},"R":{"List":{"1":{"Sphere":{"unit":"D","value":-2.97},"Cylinder":{"unit":"D","value":4.18},"Axis":{"unit":"deg","value":14}},"2":{"Sphere":{"unit":"D","value":-7.53},"Cylinder":{"unit":"D","value":2.49},"Axis":{"unit":"deg","value":65}},"3":{"Sphere":{"unit":"D","value":6.92},"Cylinder":{"unit":"D","value":5.73},"Axis":{"unit":"deg","value":121}}},"Median":{"Sphere":{"unit":"D","value":-7.53},"Cylinder":{"unit":"D","value":2.49},"Axis":{"unit":"deg","value":121}},"TargetEye":"Bino"},"L":{"List":{"1":{"Sphere":{"unit":"D","value":5.9},"Cylinder":{"unit":"D","value":-6.1},"Axis":{"unit":"deg","value":136}},"2":{"Sphere":{"unit":"D","value":-5.15},"Cylinder":{"unit":"D","value":5.7},"Axis":{"unit":"deg","value":73}},"3":{"Sphere":{"unit":"D","value":6.1},"Cylinder":{"unit":"D","value":0.75},"Axis":{"unit":"deg","value":101}}},"Median":{"Sphere":{"unit":"D","value":-5.15},"Cylinder":{"unit":"D","value":-6.1},"Axis":{"unit":"deg","value":101}},"TargetEye":"Bino"}},"PD":{"Distance":{"value":30.7,"unit":"mm"}}}