{"refraction":{"VD":{"unit":"mm","value":0},"R":{"List":{"1":{"Sphere":{"unit":"D","value":8.62},"Cylinder":{"unit":"D","value":-4.32},"Axis":{"unit":"deg","value":151}},"2":{"Sphere":{"unit":"D","value":-8.3},"Cylinder":{"unit":"D","value":-8.75},"Axis":{"unit":"deg","value":89}},"3":{"Sphere":{"unit":"D","value":-0.84},"Cylinder":{"unit":"D","value":-2.96},"Axis":{"unit":"deg","value":71}}},"Median":{"Sphere":{"unit":"D","value":8.62},"Cylinder":{"unit":"D","value":-8.75},"Axis":{"unit":"deg","value":151}},"TargetEye":"Bino"},"L":{"List":{"1":{"Sphere":{"unit":"D","value":4.95},"Cylinder":{"unit":"D","value":9.85},"Axis":{"unit":"deg","value":82}},"2":{"Sphere":{"unit":"D","value":2.5},"Cylinder":{"unit":"D","value":-7.99},"Axis":{"unit":"deg","value":115}},"3":{"Sphere":{"unit":"D","value":6.43},"Cylinder":{"unit":"D","value":1.56},"Axis":{"unit":"deg","value":145}}},"Median":{"Sphere":{"unit":"D","value":6.43},"Cylinder":{"unit":"D","value":1.56},"Axis":{"unit":"deg","value":115}},"TargetEye":"Bino"}},"PD":{"Distance":{"value":83.1,"unit":"mm"}}}