{"refraction":{"VD":{"unit":"mm","value":0},"R":{"List":{"1":{"Sphere":{"unit":"D","value":-5.04},"Cylinder":{"unit":"D","value":6.55},"Axis":{"unit":"deg","value":31}},"2":{"Sphere":{"unit":"D","value":1.96},"Cylinder":{"unit":"D","value":2.34},"Axis":{"unit":"deg","value":21}},"3":{"Sphere":{"unit":"D","value":-5.21},"Cylinder":{"unit":"D","value":2.05},"Axis":{"unit":"deg","value":95}}},"Median":{"Sphere":{"unit":"D","value":-5.21},"Cylinder":{"unit":"D","value":2.05},"Axis":{"unit":"deg","value":95}},"TargetEye":"Bino"},"L":{"List":{"1":{"Sphere":{"unit":"D","value":-8.64},"Cylinder":{"unit":"D","value":3.3},"Axis":{"unit":"deg","value":63}},"2":{"Sphere":{"unit":"D","value":3.27},"Cylinder":{"unit":"D","value":-5.4},"Axis":{"unit":"deg","value":80}},"3":{"Sphere":{"unit":"D","value":7.05},"Cylinder":{"unit":"D","value":-2.94},"Axis":{"unit":"deg","value":7}}},"Median":{"Sphere":{"unit":"D","value":-8.64},"Cylinder":{"unit":"D","value":-2.94},"Axis":{"unit":"deg","value":63}},"TargetEye":"Bino"}},"PD":{"Distance":{"value":67.4,"unit":"mm"}}}