{"refraction":{"VD":{"unit":"mm","value":0},"R":{"List":{"1":{"Sphere":{"unit":"D","value":0.47},"Cylinder":{"unit":"D","value":7.62},"Axis":{"unit":"deg","value":127}},"2":{"Sphere":{"unit":"D","value":5.93},"Cylinder":{"unit":"D","value":3.99},"Axis":{"unit":"deg","value":111}},"3":{"Sphere":{"unit":"D","value":7.95},"Cylinder":{"unit":"D","value":5.08},"Axis":{"unit":"deg","value":16}}},"Median":{"Sphere":{"unit":"D","value":7.95},"Cylinder":{"unit":"D","value":3.99},"Axis":{"unit":"deg","value":127}},"TargetEye":"Bino"},"L":{"List":{"1":{"Sphere":{"unit":"D","value":-6.15},"Cylinder":{"unit":"D","value":-0.98},"Axis":{"unit":"deg","value":100}},"2":{"Sphere":{"unit":"D","value":3.91},"Cylinder":{"unit":"D","value":2.73},"Axis":{"unit":"deg","value":72}},"3":{"Sphere":{"unit":"D","value":-4.45},"Cylinder":{"unit":"D","value":-8.03},"Axis":{"unit":"deg","value":63}}},"Median":{"Sphere":{"unit":"D","value":-6.15},"Cylinder":{"unit":"D","value":-8.03},"Axis":{"unit":"deg","value":72}},"TargetEye":"Bino"}},"PD":{"Distance":{"value":33.8,"unit":"mm"}}}