{"refraction":{"VD":{"unit":"mm","value":0},"R":{"List":{"1":{"Sphere":{"unit":"D","value":-6.49},"Cylinder":{"unit":"D","value":6.71},"Axis":{"unit":"deg","value":138}},"2":{"Sphere":{"unit":"D","value":-9.21},"Cylinder":{"unit":"D","value":5.88},"Axis":{"unit":"deg","value":31}},"3":{"Sphere":{"unit":"D","value":-7.38},"Cylinder":{"unit":"D","value":9.46},"Axis":{"unit":"deg","value":148}}},"Median":{"Sphere":{"unit":"D","value":-9.21},"Cylinder":{"unit":"D","value":6.71},"Axis":{"unit":"deg","value":31}},"TargetEye":"Bino"},"L":{"List":{"1":{"Sphere":{"unit":"D","value":-4.6},"Cylinder":{"unit":"D","value":8.62},"Axis":{"unit":"deg","value":174}},"2":{"Sphere":{"unit":"D","value":8.75},"Cylinder":{"unit":"D","value":8.99},"Axis":{"unit":"deg","value":115}},"3":{"Sphere":{"unit":"D","value":-8.14},"Cylinder":{"unit":"D","value":-2.22},"Axis":{"unit":"deg","value":24}}},"Median":{"Sphere":{"unit":"D","value":-8.14},"Cylinder":{"unit":"D","value":8.62},"Axis":{"unit":"deg","value":174}},"TargetEye":"Bino"}},"PD":{"Distance":{"value":66.9,"unit":"mm"}}}