{"refraction":{"VD":{"unit":"mm","value":0},"R":{"List":{"1":{"Sphere":{"unit":"D","value":7.32},"Cylinder":{"unit":"D","value":-0.21},"Axis":{"unit":"deg","value":126}},"2":{"Sphere":{"unit":"D","value":-1.21},"Cylinder":{"unit":"D","value":-4.67},"Axis":{"unit":"deg","value":66}},"3":{"Sphere":{"unit":"D","value":-8.15},"Cylinder":{"unit":"D","value":5.74},"Axis":{"unit":"deg","value":147}}},"Median":{"Sphere":{"unit":"D","value":7.32},"Cylinder":{"unit":"D","value":5.74},"Axis":{"unit":"deg","value":126}},"TargetEye":"Bino"},"L":{"List":{"1":{"Sphere":{"unit":"D","value":-7.6},"Cylinder":{"unit":"D","value":2.49},"Axis":{"unit":"deg","value":120}},"2":{"Sphere":{"unit":"D","value":7.18},"Cylinder":{"unit":"D","value":-1.98},"Axis":{"unit":"deg","value":5}},"3":{"Sphere":{"unit":"D","value":-5.23},"Cylinder":{"unit":"D","value":0.26},"Axis":{"unit":"deg","value":145}}},"Median":{"Sphere":{"unit":"D","value":-5.23},"Cylinder":{"unit":"D","value":2.49},"Axis":{"unit":"deg","value":145}},"TargetEye":"Bino"}},"PD":{"Distance":{"value":74,"unit":"mm"}}}