{"refraction":{"VD":{"unit":"mm","value":0},"R":{"List":{"1":{"Sphere":{"unit":"D","value":7},"Cylinder":{"unit":"D","value":5.16},"Axis":{"unit":"deg","value":135}},"2":{"Sphere":{"unit":"D","value":-6.59},"Cylinder":{"unit":"D","value":5.66},"Axis":{"unit":"deg","value":124}},"3":{"Sphere":{"unit":"D","value":7.92},"Cylinder":{"unit":"D","value":7.43},"Axis":{"unit":"deg","value":5}}},"Median":{"Sphere":{"unit":"D","value":7.92},"Cylinder":{"unit":"D","value":5.16},"Axis":{"unit":"deg","value":135}},"TargetEye":"Bino"},"L":{"List":{"1":{"Sphere":{"unit":"D","value":-8.88},"Cylinder":{"unit":"D","value":-2.83},"Axis":{"unit":"deg","value":86}},"2":{"Sphere":{"unit":"D","value":-0.17},"Cylinder":{"unit":"D","value":-7.72},"Axis":{"unit":"deg","value":169}},"3":{"Sphere":{"unit":"D","value":-1.44},"Cylinder":{"unit":"D","value":9.86},"Axis":{"unit":"deg","value":66}}},"Median":{"Sphere":{"unit":"D","value":-8.88},"Cylinder":{"unit":"D","value":-2.83},"Axis":{"unit":"deg","value":86}},"TargetEye":"Bino"}},"PD":{"Distance":{"value":46.199999999999996,"unit":"mm"}}}