{"refraction":{"VD":{"unit":"mm","value":0},"R":{"List":{"1":{"Sphere":{"unit":"D","value":-0.83},"Cylinder":{"unit":"D","value":2.31},"Axis":{"unit":"deg","value":126}},"2":{"Sphere":{"unit":"D","value":4.02},"Cylinder":{"unit":"D","value":6.89},"Axis":{"unit":"deg","value":140}},"3":{"Sphere":{"unit":"D","value":0.02},"Cylinder":{"unit":"D","value":4.58},"Axis":{"unit":"deg","value":135}}},"Median":{"Sphere":{"unit":"D","value":4.02},"Cylinder":{"unit":"D","value":4.58},"Axis":{"unit":"deg","value":126}},"TargetEye":"Bino"},"L":{"List":{"1":{"Sphere":{"unit":"D","value":-2.2},"Cylinder":{"unit":"D","value":3.24},"Axis":{"unit":"deg","value":141}},"2":{"Sphere":{"unit":"D","value":9.31},"Cylinder":{"unit":"D","value":7.98},"Axis":{"unit":"deg","value":102}},"3":{"Sphere":{"unit":"D","value":3.89},"Cylinder":{"unit":"D","value":6.18},"Axis":{"unit":"deg","value":116}}},"Median":{"Sphere":{"unit":"D","value":3.89},"Cylinder":{"unit":"D","value":3.24},"Axis":{"unit":"deg","value":116}},"TargetEye":"Bino"}},"PD":{"Distance":{"value":37.5,"unit":"mm"}}}