{"refraction":{"VD":{"unit":"mm","value":0},"R":{"List":{"1":{"Sphere":{"unit":"D","value":-7.35},"Cylinder":{"unit":"D","value":-5.22},"Axis":{"unit":"deg","value":59}},"2":{"Sphere":{"unit":"D","value":5.53},"Cylinder":{"unit":"D","value":-7.63},"Axis":{"unit":"deg","value":80}},"3":{"Sphere":{"unit":"D","value":-9.31},"Cylinder":{"unit":"D","value":-2.08},"Axis":{"unit":"deg","value":87}}},"Median":{"Sphere":{"unit":"D","value":5.53},"Cylinder":{"unit":"D","value":-5.22},"Axis":{"unit":"deg","value":80}},"TargetEye":"Bino"},"L":{"List":{"1":{"Sphere":{"unit":"D","value":1.15},"Cylinder":{"unit":"D","value":-7.8},"Axis":{"unit":"deg","value":30}},"2":{"Sphere":{"unit":"D","value":7.12},"Cylinder":{"unit":"D","value":9.82},"Axis":{"unit":"deg","value":163}},"3":{"Sphere":{"unit":"D","value":-5.81},"Cylinder":{"unit":"D","value":4.81},"Axis":{"unit":"deg","value":159}}},"Median":{"Sphere":{"unit":"D","value":1.15},"Cylinder":{"unit":"D","value":-7.8},"Axis":{"unit":"deg","value":30}},"TargetEye":"Bino"}},"PD":{"Distance":{"value":38.7,"unit":"mm"}}}