{"refraction":{"VD":{"unit":"mm","value":0},"R":{"List":{"1":{"Sphere":{"unit":"D","value":-3.81},"Cylinder":{"unit":"D","value":3.13},"Axis":{"unit":"deg","value":154}},"2":{"Sphere":{"unit":"D","value":-2.95},"Cylinder":{"unit":"D","value":-7.24},"Axis":{"unit":"deg","value":25}},"3":{"Sphere":{"unit":"D","value":-5.35},"Cylinder":{"unit":"D","value":-8.92},"Axis":{"unit":"deg","value":36}}},"Median":{"Sphere":{"unit":"D","value":-5.35},"Cylinder":{"unit":"D","value":-7.24},"Axis":{"unit":"deg","value":25}},"TargetEye":"Bino"},"L":{"List":{"1":{"Sphere":{"unit":"D","value":-8.58},"Cylinder":{"unit":"D","value":1.33},"Axis":{"unit":"deg","value":37}},"2":{"Sphere":{"unit":"D","value":8.41},"Cylinder":{"unit":"D","value":-7.57},"Axis":{"unit":"deg","value":49}},"3":{"Sphere":{"unit":"D","value":-5.93},"Cylinder":{"unit":"D","value":9.51},"Axis":{"unit":"deg","value":33}}},"Median":{"Sphere":{"unit":"D","value":-5.93},"Cylinder":{"unit":"D","value":9.51},"Axis":{"unit":"deg","value":49}},"TargetEye":"Bino"}},"PD":{"Distance":{"value":48.5,"unit":"mm"}}}