{"refraction":{"VD":{"unit":"mm","value":0},"R":{"List":{"1":{"Sphere":{"unit":"D","value":1.99},"Cylinder":{"unit":"D","value":8.19},"Axis":{"unit":"deg","value":37}},"2":{"Sphere":{"unit":"D","value":-5.39},"Cylinder":{"unit":"D","value":9.13},"Axis":{"unit":"deg","value":104}},"3":{"Sphere":{"unit":"D","value":1.03},"Cylinder":{"unit":"D","value":4.83},"Axis":{"unit":"deg","value":6}}},"Median":{"Sphere":{"unit":"D","value":1.99},"Cylinder":{"unit":"D","value":9.13},"Axis":{"unit":"deg","value":104}},"TargetEye":"Bino"},"L":{"List":{"1":{"Sphere":{"unit":"D","value":-8.32},"Cylinder":{"unit":"D","value":1.44},"Axis":{"unit":"deg","value":108}},"2":{"Sphere":{"unit":"D","value":0.81},"Cylinder":{"unit":"D","value":5.97},"Axis":{"unit":"deg","value":154}},"3":{"Sphere":{"unit":"D","value":-4.86},"Cylinder":{"unit":"D","value":4.32},"Axis":{"unit":"deg","value":111}}},"Median":{"Sphere":{"unit":"D","value":-8.32},"Cylinder":{"unit":"D","value":5.97},"Axis":{"unit":"deg","value":111}},"TargetEye":"Bino"}},"PD":{"Distance":{"value":59,"unit":"mm"}}}