{"refraction":{"VD":{"unit":"mm","value":13.75},"R":{"List":{"1":[],"2":[],"3":[]},"Median":[]},"L":{"List":{"1":{"Sphere":{"unit":"D","value":-9.64},"Cylinder":{"unit":"D","value":3.2},"Axis":{"unit":"deg","value":23}},"2":{"Sphere":{"unit":"D","value":7.69},"Cylinder":{"unit":"D","value":7.96},"Axis":{"unit":"deg","value":137}},"3":{"Sphere":{"unit":"D","value":3.2},"Cylinder":{"unit":"D","value":7.1},"Axis":{"unit":"deg","value":13}}},"Median":{"Sphere":{"unit":"D","value":3.2},"Cylinder":{"unit":"D","value":7.96},"Axis":{"unit":"deg","value":23}},"TargetEye":"L"}},"PD":{"Distance":{"value":0,"unit":""}}}