{"refraction":{"VD":{"unit":"mm","value":13.75},"R":{"List":{"1":{"Sphere":{"unit":"D","value":-2.36},"Cylinder":{"unit":"D","value":3.52},"Axis":{"unit":"deg","value":3}},"2":{"Sphere":{"unit":"D","value":-5.99},"Cylinder":{"unit":"D","value":6.98},"Axis":{"unit":"deg","value":38}},"3":{"Sphere":{"unit":"D","value":7.36},"Cylinder":{"unit":"D","value":7.6},"Axis":{"unit":"deg","value":158}}},"Median":{"Sphere":{"unit":"D","value":-2.36},"Cylinder":{"unit":"D","value":3.52},"Axis":{"unit":"deg","value":158}},"TargetEye":"R"},"L":{"List":{"1":[],"2":[],"3":[]},"Median":[]}},"PD":{"Distance":{"value":0,"unit":""}}}