{"refraction":{"VD":{"unit":"mm","value":0},"R":{"List":{"1":{"Sphere":{"unit":"D","value":-2.41},"Cylinder":{"unit":"D","value":-5.51},"Axis":{"unit":"deg","value":96}},"2":{"Sphere":{"unit":"D","value":4.84},"Cylinder":{"unit":"D","value":8.92},"Axis":{"unit":"deg","value":131}},"3":{"Sphere":{"unit":"D","value":-3.32},"Cylinder":{"unit":"D","value":-4.96},"Axis":{"unit":"deg","value":64}}},"Median":{"Sphere":{"unit":"D","value":4.84},"Cylinder":{"unit":"D","value":8.92},"Axis":{"unit":"deg","value":131}},"TargetEye":"Bino"},"L":{"List":{"1":{"Sphere":{"unit":"D","value":7.39},"Cylinder":{"unit":"D","value":0.91},"Axis":{"unit":"deg","value":104}},"2":{"Sphere":{"unit":"D","value":-7.04},"Cylinder":{"unit":"D","value":-4.84},"Axis":{"unit":"deg","value":33}},"3":{"Sphere":{"unit":"D","value":-0.27},"Cylinder":{"unit":"D","value":4.98},"Axis":{"unit":"deg","value":163}}},"Median":{"Sphere":{"unit":"D","value":7.39},"Cylinder":{"unit":"D","value":-4.84},"Axis":{"unit":"deg","value":163}},"TargetEye":"Bino"}},"PD":{"Distance":{"value":91.5,"unit":"mm"}}}