{"refraction":{"VD":{"unit":"mm","value":0},"R":{"List":{"1":{"Sphere":{"unit":"D","value":0.03},"Cylinder":{"unit":"D","value":-1.47},"Axis":{"unit":"deg","value":64}},"2":{"Sphere":{"unit":"D","value":-5.67},"Cylinder":{"unit":"D","value":8.48},"Axis":{"unit":"deg","value":105}},"3":{"Sphere":{"unit":"D","value":5.23},"Cylinder":{"unit":"D","value":-4.31},"Axis":{"unit":"deg","value":179}}},"Median":{"Sphere":{"unit":"D","value":0.03},"Cylinder":{"unit":"D","value":8.48},"Axis":{"unit":"deg","value":179}},"TargetEye":"Bino"},"L":{"List":{"1":{"Sphere":{"unit":"D","value":1.94},"Cylinder":{"unit":"D","value":-8.27},"Axis":{"unit":"deg","value":172}},"2":{"Sphere":{"unit":"D","value":-1.45},"Cylinder":{"unit":"D","value":-8.96},"Axis":{"unit":"deg","value":108}},"3":{"Sphere":{"unit":"D","value":-7.32},"Cylinder":{"unit":"D","value":-9.44},"Axis":{"unit":"deg","value":119}}},"Median":{"Sphere":{"unit":"D","value":-1.45},"Cylinder":{"unit":"D","value":-8.96},"Axis":{"unit":"deg","value":172}},"TargetEye":"Bino"}},"PD":{"Distance":{"value":30.9,"unit":"mm"}}}