{"refraction":{"VD":{"unit":"mm","value":12},"R":{"List":{"1":{"Sphere":{"unit":"D","value":7.95},"Cylinder":{"unit":"D","value":-0.62},"Axis":{"unit":"deg","value":161}},"2":{"Sphere":{"unit":"D","value":5.04},"Cylinder":{"unit":"D","value":4.69},"Axis":{"unit":"deg","value":78}},"3":{"Sphere":{"unit":"D","value":-6.95},"Cylinder":{"unit":"D","value":-7.95},"Axis":{"unit":"deg","value":92}}},"Median":{"Sphere":{"unit":"D","value":-6.95},"Cylinder":{"unit":"D","value":-7.95},"Axis":{"unit":"deg","value":92}},"TargetEye":"R"},"L":{"List":{"1":{"Sphere":{"unit":"D","value":5.11},"Cylinder":{"unit":"D","value":-6.81},"Axis":{"unit":"deg","value":175}},"2":{"Sphere":{"unit":"D","value":8.63},"Cylinder":{"unit":"D","value":-4.21},"Axis":{"unit":"deg","value":157}},"3":{"Sphere":{"unit":"D","value":2.39},"Cylinder":{"unit":"D","value":3.87},"Axis":{"unit":"deg","value":139}}},"Median":{"Sphere":{"unit":"D","value":2.39},"Cylinder":{"unit":"D","value":-6.81},"Axis":{"unit":"deg","value":175}},"TargetEye":"Bino"}},"PD":{"Distance":{"value":0,"unit":""}}}