{"refraction":{"VD":{"unit":"mm","value":12},"R":{"List":{"1":{"Sphere":{"unit":"D","value":-7.44},"Cylinder":{"unit":"D","value":-6.16},"Axis":{"unit":"deg","value":146}},"2":{"Sphere":{"unit":"D","value":-5.97},"Cylinder":{"unit":"D","value":7.21},"Axis":{"unit":"deg","value":141}},"3":{"Sphere":{"unit":"D","value":-8.26},"Cylinder":{"unit":"D","value":-6.37},"Axis":{"unit":"deg","value":131}}},"Median":{"Sphere":{"unit":"D","value":-7.44},"Cylinder":{"unit":"D","value":-6.16},"Axis":{"unit":"deg","value":131}},"TargetEye":"Bino"},"L":{"List":{"1":{"Sphere":{"unit":"D","value":-7.31},"Cylinder":{"unit":"D","value":1.81},"Axis":{"unit":"deg","value":138}},"2":{"Sphere":{"unit":"D","value":7.84},"Cylinder":{"unit":"D","value":-6.72},"Axis":{"unit":"deg","value":86}},"3":{"Sphere":{"unit":"D","value":-8.85},"Cylinder":{"unit":"D","value":7.49},"Axis":{"unit":"deg","value":87}}},"Median":{"Sphere":{"unit":"D","value":-8.85},"Cylinder":{"unit":"D","value":7.49},"Axis":{"unit":"deg","value":138}},"TargetEye":"L"}},"PD":{"Distance":{"value":0,"unit":""}}}