{"refraction":{"VD":{"unit":"mm","value":12},"R":{"List":{"1":{"Sphere":{"unit":"D","value":-7.44},"Cylinder":{"unit":"D","value":-6.16},"Axis":{"unit":"deg","value":146}},"2":{"Sphere":{"unit":"D","value":-5.97},"Cylinder":{"unit":"D","value":7.21},"Axis":{"unit":"deg","value":141}},"3":{"Sphere":{"unit":"D","value":-8.26},"Cylinder":{"unit":"D","value":-6.37},"Axis":{"unit":"deg","value":131}}},"Median":{"Sphere":{"unit":"D","value":-7.44},"Cylinder":{"unit":"D","value":-6.16},"Axis":{"unit":"deg","value":131}},"TargetEye":"Bino"},"L":{"List":{"1":{"Sphere":{"unit":"D","value":7.64},"Cylinder":{"unit":"D","value":4.95},"Axis":{"unit":"deg","value":27}},"2":{"Sphere":{"unit":"D","value":3.29},"Cylinder":{"unit":"D","value":-9.91},"Axis":{"unit":"deg","value":176}},"3":{"Sphere":{"unit":"D","value":-5.24},"Cylinder":{"unit":"D","value":9.6},"Axis":{"unit":"deg","value":142}}},"Median":{"Sphere":{"unit":"D","value":-5.24},"Cylinder":{"unit":"D","value":-9.91},"Axis":{"unit":"deg","value":142}},"TargetEye":"Bino"}},"PD":{"Distance":{"value":81.69999999999999,"unit":"mm"}}}