{"refraction":{"VD":{"unit":"mm","value":12},"R":{"List":{"1":{"Sphere":{"unit":"D","value":8.05},"Cylinder":{"unit":"D","value":-6},"Axis":{"unit":"deg","value":123}},"2":{"Sphere":{"unit":"D","value":-5.4},"Cylinder":{"unit":"D","value":2.95},"Axis":{"unit":"deg","value":5}},"3":{"Sphere":{"unit":"D","value":8.91},"Cylinder":{"unit":"D","value":0.33},"Axis":{"unit":"deg","value":103}}},"Median":{"Sphere":{"unit":"D","value":8.05},"Cylinder":{"unit":"D","value":0.33},"Axis":{"unit":"deg","value":5}},"TargetEye":"Bino"},"L":{"List":{"1":{"Sphere":{"unit":"D","value":1.71},"Cylinder":{"unit":"D","value":-6.58},"Axis":{"unit":"deg","value":85}},"2":{"Sphere":{"unit":"D","value":1.33},"Cylinder":{"unit":"D","value":5.63},"Axis":{"unit":"deg","value":135}},"3":{"Sphere":{"unit":"D","value":-1.94},"Cylinder":{"unit":"D","value":1.5},"Axis":{"unit":"deg","value":74}}},"Median":{"Sphere":{"unit":"D","value":-1.94},"Cylinder":{"unit":"D","value":1.5},"Axis":{"unit":"deg","value":74}},"TargetEye":"Bino"}},"PD":{"Distance":{"value":91.5,"unit":"mm"}}}