{"subjective":{"RefractionTest":{"List":{"1":{"Full Correction":{"ExamDistance":{"List":{"1":{"Distance":{"unit":"mm","value":5000},"RefractionData":{"R":{"Sphere":{"unit":"D","value":-7.5},"Cylinder":{"unit":"D","value":-6.25},"Axis":{"unit":"deg","value":131}},"L":{"Sphere":{"unit":"D","value":-8.75},"Cylinder":{"unit":"D","value":0},"Axis":{"unit":"deg","value":180}},"VD":{"unit":"mm","value":12},"PD":{"B":{"unit":"mm","value":65}}},"VA":{"R":{"unit":"","value":""},"L":{"unit":"","value":""},"B":{"unit":"","value":""}}},"2":{"Distance":{"unit":"mm","value":400},"RefractionData":{"R":{"Sphere":{"unit":"D","value":-7.5},"Cylinder":{"unit":"D","value":-6.25},"Axis":{"unit":"deg","value":131}},"L":{"Sphere":{"unit":"D","value":-8.75},"Cylinder":{"unit":"D","value":0},"Axis":{"unit":"deg","value":180}},"VD":{"unit":"mm","value":12},"PD":{"B":{"unit":"mm","value":65}}},"VA":{"R":{"unit":"","value":""},"L":{"unit":"","value":""},"B":{"unit":"","value":""}}}}}}}}}}}