{"refraction":{"VD":{"unit":"mm","value":13.75},"R":{"List":{"1":{"Sphere":{"unit":"D","value":0.97},"Cylinder":{"unit":"D","value":1.5},"Axis":{"unit":"deg","value":174}},"2":{"Sphere":{"unit":"D","value":5.34},"Cylinder":{"unit":"D","value":-7.84},"Axis":{"unit":"deg","value":6}},"3":{"Sphere":{"unit":"D","value":7.43},"Cylinder":{"unit":"D","value":-8.51},"Axis":{"unit":"deg","value":119}}},"Median":{"Sphere":{"unit":"D","value":5.34},"Cylinder":{"unit":"D","value":-8.51},"Axis":{"unit":"deg","value":119}},"TargetEye":"Bino"},"L":{"List":{"1":{"Sphere":{"unit":"D","value":-5.88},"Cylinder":{"unit":"D","value":2.75},"Axis":{"unit":"deg","value":30}},"2":{"Sphere":{"unit":"D","value":-5.99},"Cylinder":{"unit":"D","value":-1.87},"Axis":{"unit":"deg","value":140}},"3":{"Sphere":{"unit":"D","value":6.67},"Cylinder":{"unit":"D","value":9.09},"Axis":{"unit":"deg","value":78}}},"Median":{"Sphere":{"unit":"D","value":-5.99},"Cylinder":{"unit":"D","value":-1.87},"Axis":{"unit":"deg","value":140}},"TargetEye":"Bino"}},"PD":{"Distance":{"value":75.9,"unit":"mm"}}}