{"refraction":{"VD":{"unit":"mm","value":0},"R":{"List":{"1":{"Sphere":{"unit":"D","value":8.96},"Cylinder":{"unit":"D","value":-0.11},"Axis":{"unit":"deg","value":100}},"2":{"Sphere":{"unit":"D","value":-1.39},"Cylinder":{"unit":"D","value":6.26},"Axis":{"unit":"deg","value":90}},"3":{"Sphere":{"unit":"D","value":7.67},"Cylinder":{"unit":"D","value":-2.54},"Axis":{"unit":"deg","value":1}}},"Median":{"Sphere":{"unit":"D","value":-1.39},"Cylinder":{"unit":"D","value":-0.11},"Axis":{"unit":"deg","value":90}},"TargetEye":"Bino"},"L":{"List":{"1":{"Sphere":{"unit":"D","value":-0.6},"Cylinder":{"unit":"D","value":0.11},"Axis":{"unit":"deg","value":127}},"2":{"Sphere":{"unit":"D","value":4.76},"Cylinder":{"unit":"D","value":-6.33},"Axis":{"unit":"deg","value":111}},"3":{"Sphere":{"unit":"D","value":-3.69},"Cylinder":{"unit":"D","value":5.62},"Axis":{"unit":"deg","value":17}}},"Median":{"Sphere":{"unit":"D","value":-3.69},"Cylinder":{"unit":"D","value":-6.33},"Axis":{"unit":"deg","value":127}},"TargetEye":"Bino"}},"PD":{"Distance":{"value":50.199999999999996,"unit":"mm"}}}