{"subjective":{"RefractionTest":{"List":{"1":{"Full Correction":{"ExamDistance":{"List":{"1":{"Distance":{"unit":"mm","value":5000},"RefractionData":{"R":{"Sphere":{"unit":"D","value":-1.5},"Cylinder":{"unit":"D","value":0},"Axis":{"unit":"deg","value":90}},"L":{"Sphere":{"unit":"D","value":-3.75},"Cylinder":{"unit":"D","value":-6.25},"Axis":{"unit":"deg","value":127}},"VD":{"unit":"mm","value":0},"PD":{"B":{"unit":"mm","value":50.2}}},"VA":{"R":{"unit":"","value":""},"L":{"unit":"","value":""},"B":{"unit":"","value":""}}},"2":{"Distance":{"unit":"mm","value":400},"RefractionData":{"R":{"Sphere":{"unit":"D","value":-1.5},"Cylinder":{"unit":"D","value":0},"Axis":{"unit":"deg","value":90}},"L":{"Sphere":{"unit":"D","value":-3.75},"Cylinder":{"unit":"D","value":-6.25},"Axis":{"unit":"deg","value":127}},"VD":{"unit":"mm","value":0},"PD":{"B":{"unit":"mm","value":50.2}}},"VA":{"R":{"unit":"","value":""},"L":{"unit":"","value":""},"B":{"unit":"","value":""}}}}}}}}}}}