{"refraction":{"VD":{"unit":"mm","value":13.75},"R":{"List":{"1":{"Sphere":{"unit":"D","value":-9.42},"Cylinder":{"unit":"D","value":3.09},"Axis":{"unit":"deg","value":173}},"2":{"Sphere":{"unit":"D","value":4.34},"Cylinder":{"unit":"D","value":5.04},"Axis":{"unit":"deg","value":160}},"3":{"Sphere":{"unit":"D","value":2.32},"Cylinder":{"unit":"D","value":6.53},"Axis":{"unit":"deg","value":90}}},"Median":{"Sphere":{"unit":"D","value":2.32},"Cylinder":{"unit":"D","value":6.53},"Axis":{"unit":"deg","value":90}},"TargetEye":"Bino"},"L":{"List":{"1":{"Sphere":{"unit":"D","value":-4.79},"Cylinder":{"unit":"D","value":-3.84},"Axis":{"unit":"deg","value":42}},"2":{"Sphere":{"unit":"D","value":5.32},"Cylinder":{"unit":"D","value":1.61},"Axis":{"unit":"deg","value":19}},"3":{"Sphere":{"unit":"D","value":-5.45},"Cylinder":{"unit":"D","value":-7.99},"Axis":{"unit":"deg","value":80}}},"Median":{"Sphere":{"unit":"D","value":-5.45},"Cylinder":{"unit":"D","value":1.61},"Axis":{"unit":"deg","value":80}},"TargetEye":"Bino"}},"PD":{"Distance":{"value":57.7,"unit":"mm"}}}