{"refraction":{"VD":{"unit":"mm","value":0},"R":{"List":{"1":{"Sphere":{"unit":"D","value":3.34},"Cylinder":{"unit":"D","value":8.28},"Axis":{"unit":"deg","value":165}},"2":{"Sphere":{"unit":"D","value":-2.94},"Cylinder":{"unit":"D","value":3.89},"Axis":{"unit":"deg","value":76}},"3":{"Sphere":{"unit":"D","value":7.3},"Cylinder":{"unit":"D","value":8.39},"Axis":{"unit":"deg","value":52}}},"Median":{"Sphere":{"unit":"D","value":7.3},"Cylinder":{"unit":"D","value":8.28},"Axis":{"unit":"deg","value":165}},"TargetEye":"Bino"},"L":{"List":{"1":{"Sphere":{"unit":"D","value":-1.95},"Cylinder":{"unit":"D","value":6.46},"Axis":{"unit":"deg","value":70}},"2":{"Sphere":{"unit":"D","value":6.57},"Cylinder":{"unit":"D","value":2.25},"Axis":{"unit":"deg","value":118}},"3":{"Sphere":{"unit":"D","value":-5.94},"Cylinder":{"unit":"D","value":-3.7},"Axis":{"unit":"deg","value":164}}},"Median":{"Sphere":{"unit":"D","value":-5.94},"Cylinder":{"unit":"D","value":6.46},"Axis":{"unit":"deg","value":70}},"TargetEye":"Bino"}},"PD":{"Distance":{"value":73.4,"unit":"mm"}}}