{"refraction":{"VD":{"unit":"mm","value":0},"R":{"List":{"1":{"Sphere":{"unit":"D","value":-8.63},"Cylinder":{"unit":"D","value":9.38},"Axis":{"unit":"deg","value":14}},"2":{"Sphere":{"unit":"D","value":-6.19},"Cylinder":{"unit":"D","value":-8.55},"Axis":{"unit":"deg","value":65}},"3":{"Sphere":{"unit":"D","value":-6.74},"Cylinder":{"unit":"D","value":8.25},"Axis":{"unit":"deg","value":52}}},"Median":{"Sphere":{"unit":"D","value":-6.19},"Cylinder":{"unit":"D","value":9.38},"Axis":{"unit":"deg","value":52}},"TargetEye":"Bino"},"L":{"List":{"1":{"Sphere":{"unit":"D","value":-8.02},"Cylinder":{"unit":"D","value":-4.44},"Axis":{"unit":"deg","value":32}},"2":{"Sphere":{"unit":"D","value":-9.09},"Cylinder":{"unit":"D","value":-4.95},"Axis":{"unit":"deg","value":42}},"3":{"Sphere":{"unit":"D","value":-3.57},"Cylinder":{"unit":"D","value":4.62},"Axis":{"unit":"deg","value":45}}},"Median":{"Sphere":{"unit":"D","value":-9.09},"Cylinder":{"unit":"D","value":-4.44},"Axis":{"unit":"deg","value":42}},"TargetEye":"Bino"}},"PD":{"Distance":{"value":53.6,"unit":"mm"}}}