{"refraction":{"VD":{"unit":"mm","value":0},"R":{"List":{"1":{"Sphere":{"unit":"D","value":-7.79},"Cylinder":{"unit":"D","value":7.79},"Axis":{"unit":"deg","value":95}},"2":{"Sphere":{"unit":"D","value":0.14},"Cylinder":{"unit":"D","value":-1.92},"Axis":{"unit":"deg","value":100}},"3":{"Sphere":{"unit":"D","value":4.23},"Cylinder":{"unit":"D","value":-6.51},"Axis":{"unit":"deg","value":114}}},"Median":{"Sphere":{"unit":"D","value":4.23},"Cylinder":{"unit":"D","value":-1.92},"Axis":{"unit":"deg","value":95}},"TargetEye":"R"},"L":{"List":{"1":{"Sphere":{"unit":"D","value":7.47},"Cylinder":{"unit":"D","value":2.01},"Axis":{"unit":"deg","value":63}},"2":{"Sphere":{"unit":"D","value":0.79},"Cylinder":{"unit":"D","value":-7.83},"Axis":{"unit":"deg","value":100}},"3":{"Sphere":{"unit":"D","value":8.02},"Cylinder":{"unit":"D","value":0.87},"Axis":{"unit":"deg","value":89}}},"Median":{"Sphere":{"unit":"D","value":0.79},"Cylinder":{"unit":"D","value":-7.83},"Axis":{"unit":"deg","value":100}},"TargetEye":"L"}},"PD":{"Distance":{"value":0,"unit":""}}}