{"refraction":{"VD":{"unit":"mm","value":0},"R":{"List":{"1":{"Sphere":{"unit":"D","value":-9.31},"Cylinder":{"unit":"D","value":-5.95},"Axis":{"unit":"deg","value":5}},"2":{"Sphere":{"unit":"D","value":-4.96},"Cylinder":{"unit":"D","value":6.5},"Axis":{"unit":"deg","value":28}},"3":{"Sphere":{"unit":"D","value":-8.61},"Cylinder":{"unit":"D","value":-2},"Axis":{"unit":"deg","value":92}}},"Median":{"Sphere":{"unit":"D","value":-9.31},"Cylinder":{"unit":"D","value":6.5},"Axis":{"unit":"deg","value":92}},"TargetEye":"R"},"L":{"List":{"1":[],"2":[],"3":[]},"Median":[]}},"PD":{"Distance":{"value":0,"unit":""}}}