{"subjective":{"RefractionTest":{"List":{"1":{"Full Correction":{"ExamDistance":{"List":{"1":{"Distance":{"unit":"mm","value":5000},"RefractionData":{"R":{"Sphere":{"unit":"D","value":1},"Cylinder":{"unit":"D","value":-0.5},"Axis":{"unit":"deg","value":180}},"L":{"Sphere":{"unit":"D","value":-1.75},"Cylinder":{"unit":"D","value":-5},"Axis":{"unit":"deg","value":42}},"VD":{"unit":"mm","value":0},"PD":{"B":{"unit":"mm","value":53.6}}},"VA":{"R":{"unit":"","value":""},"L":{"unit":"","value":""},"B":{"unit":"","value":""}}},"2":{"Distance":{"unit":"mm","value":400},"RefractionData":{"R":{"Sphere":{"unit":"D","value":1},"Cylinder":{"unit":"D","value":-0.5},"Axis":{"unit":"deg","value":180}},"L":{"Sphere":{"unit":"D","value":-1.75},"Cylinder":{"unit":"D","value":-5},"Axis":{"unit":"deg","value":42}},"VD":{"unit":"mm","value":0},"PD":{"B":{"unit":"mm","value":53.6}}},"VA":{"R":{"unit":"","value":""},"L":{"unit":"","value":""},"B":{"unit":"","value":""}}}}}}}}}}}