{"refraction":{"VD":{"unit":"mm","value":0},"R":{"List":{"1":{"Sphere":{"unit":"D","value":5.81},"Cylinder":{"unit":"D","value":-6.05},"Axis":{"unit":"deg","value":12}},"2":{"Sphere":{"unit":"D","value":-8.26},"Cylinder":{"unit":"D","value":1.17},"Axis":{"unit":"deg","value":134}},"3":{"Sphere":{"unit":"D","value":3.95},"Cylinder":{"unit":"D","value":-1.76},"Axis":{"unit":"deg","value":23}}},"Median":{"Sphere":{"unit":"D","value":-8.26},"Cylinder":{"unit":"D","value":1.17},"Axis":{"unit":"deg","value":134}},"TargetEye":"Bino"},"L":{"List":{"1":{"Sphere":{"unit":"D","value":9.7},"Cylinder":{"unit":"D","value":-4.96},"Axis":{"unit":"deg","value":39}},"2":{"Sphere":{"unit":"D","value":3.15},"Cylinder":{"unit":"D","value":1.49},"Axis":{"unit":"deg","value":42}},"3":{"Sphere":{"unit":"D","value":5.98},"Cylinder":{"unit":"D","value":6.18},"Axis":{"unit":"deg","value":16}}},"Median":{"Sphere":{"unit":"D","value":9.7},"Cylinder":{"unit":"D","value":1.49},"Axis":{"unit":"deg","value":16}},"TargetEye":"Bino"}},"PD":{"Distance":{"value":68,"unit":"mm"}}}