{"subjective":{"RefractionTest":{"List":{"1":{"Full Correction":{"ExamDistance":{"List":{"1":{"Distance":{"unit":"mm","value":5000},"RefractionData":{"R":{"Sphere":{"unit":"D","value":-8.5},"Cylinder":{"unit":"D","value":0},"Axis":{"unit":"deg","value":180}},"L":{"Sphere":{"unit":"D","value":9.25},"Cylinder":{"unit":"D","value":0},"Axis":{"unit":"deg","value":180}},"VD":{"unit":"mm","value":0},"PD":{"B":{"unit":"mm","value":68}}},"VA":{"R":{"unit":"","value":""},"L":{"unit":"","value":""},"B":{"unit":"decimal","value":0.2}}},"2":{"Distance":{"unit":"mm","value":400},"RefractionData":{"R":{"Sphere":{"unit":"D","value":-8.5},"Cylinder":{"unit":"D","value":0},"Axis":{"unit":"deg","value":180}},"L":{"Sphere":{"unit":"D","value":9.25},"Cylinder":{"unit":"D","value":0},"Axis":{"unit":"deg","value":180}},"VD":{"unit":"mm","value":0},"PD":{"B":{"unit":"mm","value":68}}},"VA":{"R":{"unit":"","value":""},"L":{"unit":"","value":""},"B":{"unit":"","value":""}}}}}}}}}}}