{"refraction":{"VD":{"unit":"mm","value":0},"R":{"List":{"1":{"Sphere":{"unit":"D","value":-5.24},"Cylinder":{"unit":"D","value":-4.61},"Axis":{"unit":"deg","value":37}},"2":{"Sphere":{"unit":"D","value":-1.51},"Cylinder":{"unit":"D","value":7.26},"Axis":{"unit":"deg","value":175}},"3":{"Sphere":{"unit":"D","value":-2.92},"Cylinder":{"unit":"D","value":-5.94},"Axis":{"unit":"deg","value":169}}},"Median":{"Sphere":{"unit":"D","value":-2.92},"Cylinder":{"unit":"D","value":7.26},"Axis":{"unit":"deg","value":37}},"TargetEye":"Bino"},"L":{"List":{"1":{"Sphere":{"unit":"D","value":-9.52},"Cylinder":{"unit":"D","value":3.51},"Axis":{"unit":"deg","value":106}},"2":{"Sphere":{"unit":"D","value":-6.39},"Cylinder":{"unit":"D","value":2.96},"Axis":{"unit":"deg","value":13}},"3":{"Sphere":{"unit":"D","value":0.7},"Cylinder":{"unit":"D","value":9.46},"Axis":{"unit":"deg","value":158}}},"Median":{"Sphere":{"unit":"D","value":-6.39},"Cylinder":{"unit":"D","value":2.96},"Axis":{"unit":"deg","value":158}},"TargetEye":"Bino"}},"PD":{"Distance":{"value":86.69999999999999,"unit":"mm"}}}