{"refraction":{"VD":{"unit":"mm","value":13.75},"R":{"List":{"1":{"Sphere":{"unit":"D","value":-7.41},"Cylinder":{"unit":"D","value":-5.59},"Axis":{"unit":"deg","value":96}},"2":{"Sphere":{"unit":"D","value":-7.74},"Cylinder":{"unit":"D","value":-8.09},"Axis":{"unit":"deg","value":118}},"3":{"Sphere":{"unit":"D","value":4.39},"Cylinder":{"unit":"D","value":-3.15},"Axis":{"unit":"deg","value":44}}},"Median":{"Sphere":{"unit":"D","value":-7.74},"Cylinder":{"unit":"D","value":-5.59},"Axis":{"unit":"deg","value":44}},"TargetEye":"Bino"},"L":{"List":{"1":{"Sphere":{"unit":"D","value":-3.14},"Cylinder":{"unit":"D","value":9.82},"Axis":{"unit":"deg","value":1}},"2":{"Sphere":{"unit":"D","value":7.47},"Cylinder":{"unit":"D","value":4.69},"Axis":{"unit":"deg","value":33}},"3":{"Sphere":{"unit":"D","value":5.22},"Cylinder":{"unit":"D","value":1.11},"Axis":{"unit":"deg","value":115}}},"Median":{"Sphere":{"unit":"D","value":7.47},"Cylinder":{"unit":"D","value":1.11},"Axis":{"unit":"deg","value":33}},"TargetEye":"Bino"}},"PD":{"Distance":{"value":33.2,"unit":"mm"}}}