{"refraction":{"VD":{"unit":"mm","value":13.75},"R":{"List":{"1":{"Sphere":{"unit":"D","value":9.38},"Cylinder":{"unit":"D","value":-0.14},"Axis":{"unit":"deg","value":99}},"2":{"Sphere":{"unit":"D","value":-3.24},"Cylinder":{"unit":"D","value":-4.82},"Axis":{"unit":"deg","value":23}},"3":{"Sphere":{"unit":"D","value":-6.62},"Cylinder":{"unit":"D","value":4.94},"Axis":{"unit":"deg","value":158}}},"Median":{"Sphere":{"unit":"D","value":-6.62},"Cylinder":{"unit":"D","value":-4.82},"Axis":{"unit":"deg","value":158}},"TargetEye":"Bino"},"L":{"List":{"1":{"Sphere":{"unit":"D","value":-0.54},"Cylinder":{"unit":"D","value":-5.13},"Axis":{"unit":"deg","value":45}},"2":{"Sphere":{"unit":"D","value":0.51},"Cylinder":{"unit":"D","value":5.42},"Axis":{"unit":"deg","value":95}},"3":{"Sphere":{"unit":"D","value":-8.69},"Cylinder":{"unit":"D","value":-9.26},"Axis":{"unit":"deg","value":127}}},"Median":{"Sphere":{"unit":"D","value":0.51},"Cylinder":{"unit":"D","value":-9.26},"Axis":{"unit":"deg","value":95}},"TargetEye":"Bino"}},"PD":{"Distance":{"value":55.4,"unit":"mm"}}}