{"refraction":{"VD":{"unit":"mm","value":13.75},"R":{"List":{"1":{"Sphere":{"unit":"D","value":5.26},"Cylinder":{"unit":"D","value":-2.47},"Axis":{"unit":"deg","value":131}},"2":{"Sphere":{"unit":"D","value":6.15},"Cylinder":{"unit":"D","value":1.45},"Axis":{"unit":"deg","value":29}},"3":{"Sphere":{"unit":"D","value":7.95},"Cylinder":{"unit":"D","value":8.06},"Axis":{"unit":"deg","value":76}}},"Median":{"Sphere":{"unit":"D","value":5.26},"Cylinder":{"unit":"D","value":8.06},"Axis":{"unit":"deg","value":29}},"TargetEye":"Bino"},"L":{"List":{"1":{"Sphere":{"unit":"D","value":-3.65},"Cylinder":{"unit":"D","value":-6.61},"Axis":{"unit":"deg","value":141}},"2":{"Sphere":{"unit":"D","value":0.37},"Cylinder":{"unit":"D","value":-6.81},"Axis":{"unit":"deg","value":153}},"3":{"Sphere":{"unit":"D","value":7.28},"Cylinder":{"unit":"D","value":-3.5},"Axis":{"unit":"deg","value":88}}},"Median":{"Sphere":{"unit":"D","value":7.28},"Cylinder":{"unit":"D","value":-6.81},"Axis":{"unit":"deg","value":88}},"TargetEye":"Bino"}},"PD":{"Distance":{"value":61.099999999999994,"unit":"mm"}}}